image_path,mask_path,group,split,official_split
/kaggle/input/datasets/maak01/e-nas-datasets/Datasets/BUSI (Breast Ultrasound Image)/benign/benign (26).png,/kaggle/input/datasets/maak01/e-nas-datasets/Datasets/BUSI (Breast Ultrasound Image)/benign/benign (26)_mask.png,benign,train,
/kaggle/input/datasets/maak01/e-nas-datasets/Datasets/BUSI (Breast Ultrasound Image)/benign/benign (238).png,/kaggle/input/datasets/maak01/e-nas-datasets/Datasets/BUSI (Breast Ultrasound Image)/benign/benign (238)_mask.png,benign,train,
/kaggle/input/datasets/maak01/e-nas-datasets/Datasets/BUSI (Breast Ultrasound Image)/benign/benign (229).png,/kaggle/input/datasets/maak01/e-nas-datasets/Datasets/BUSI (Breast Ultrasound Image)/benign/benign (229)_mask.png,benign,train,
/kaggle/input/datasets/maak01/e-nas-datasets/Datasets/BUSI (Breast Ultrasound Image)/benign/benign (235).png,/kaggle/input/datasets/maak01/e-nas-datasets/Datasets/BUSI (Breast Ultrasound Image)/benign/benign (235)_mask.png,benign,train,
/kaggle/input/datasets/maak01/e-nas-datasets/Datasets/BUSI (Breast Ultrasound Image)/benign/benign (109).png,/kaggle/input/datasets/maak01/e-nas-datasets/Datasets/BUSI (Breast Ultrasound Image)/benign/benign (109)_mask.png,benign,train,
/kaggle/input/datasets/maak01/e-nas-datasets/Datasets/BUSI (Breast Ultrasound Image)/benign/benign (330).png,/kaggle/input/datasets/maak01/e-nas-datasets/Datasets/BUSI (Breast Ultrasound Image)/benign/benign (330)_mask.png,benign,train,
/kaggle/input/datasets/maak01/e-nas-datasets/Datasets/BUSI (Breast Ultrasound Image)/benign/benign (257).png,/kaggle/input/datasets/maak01/e-nas-datasets/Datasets/BUSI (Breast Ultrasound Image)/benign/benign (257)_mask.png,benign,train,
/kaggle/input/datasets/maak01/e-nas-datasets/Datasets/BUSI (Breast Ultrasound Image)/benign/benign (431).png,/kaggle/input/datasets/maak01/e-nas-datasets/Datasets/BUSI (Breast Ultrasound Image)/benign/benign (431)_mask.png,benign,train,
/kaggle/input/datasets/maak01/e-nas-datasets/Datasets/BUSI (Breast Ultrasound Image)/benign/benign (363).png,/kaggle/input/datasets/maak01/e-nas-datasets/Datasets/BUSI (Breast Ultrasound Image)/benign/benign (363)_mask.png,benign,train,
/kaggle/input/datasets/maak01/e-nas-datasets/Datasets/BUSI (Breast Ultrasound Image)/benign/benign (233).png,/kaggle/input/datasets/maak01/e-nas-datasets/Datasets/BUSI (Breast Ultrasound Image)/benign/benign (233)_mask.png,benign,train,
/kaggle/input/datasets/maak01/e-nas-datasets/Datasets/BUSI (Breast Ultrasound Image)/benign/benign (18).png,/kaggle/input/datasets/maak01/e-nas-datasets/Datasets/BUSI (Breast Ultrasound Image)/benign/benign (18)_mask.png,benign,train,
/kaggle/input/datasets/maak01/e-nas-datasets/Datasets/BUSI (Breast Ultrasound Image)/benign/benign (184).png,/kaggle/input/datasets/maak01/e-nas-datasets/Datasets/BUSI (Breast Ultrasound Image)/benign/benign (184)_mask.png,benign,train,
/kaggle/input/datasets/maak01/e-nas-datasets/Datasets/BUSI (Breast Ultrasound Image)/benign/benign (5).png,/kaggle/input/datasets/maak01/e-nas-datasets/Datasets/BUSI (Breast Ultrasound Image)/benign/benign (5)_mask.png,benign,train,
/kaggle/input/datasets/maak01/e-nas-datasets/Datasets/BUSI (Breast Ultrasound Image)/benign/benign (241).png,/kaggle/input/datasets/maak01/e-nas-datasets/Datasets/BUSI (Breast Ultrasound Image)/benign/benign (241)_mask.png,benign,train,
/kaggle/input/datasets/maak01/e-nas-datasets/Datasets/BUSI (Breast Ultrasound Image)/benign/benign (290).png,/kaggle/input/datasets/maak01/e-nas-datasets/Datasets/BUSI (Breast Ultrasound Image)/benign/benign (290)_mask.png,benign,train,
/kaggle/input/datasets/maak01/e-nas-datasets/Datasets/BUSI (Breast Ultrasound Image)/benign/benign (265).png,/kaggle/input/datasets/maak01/e-nas-datasets/Datasets/BUSI (Breast Ultrasound Image)/benign/benign (265)_mask.png,benign,train,
/kaggle/input/datasets/maak01/e-nas-datasets/Datasets/BUSI (Breast Ultrasound Image)/benign/benign (362).png,/kaggle/input/datasets/maak01/e-nas-datasets/Datasets/BUSI (Breast Ultrasound Image)/benign/benign (362)_mask.png,benign,train,
/kaggle/input/datasets/maak01/e-nas-datasets/Datasets/BUSI (Breast Ultrasound Image)/benign/benign (359).png,/kaggle/input/datasets/maak01/e-nas-datasets/Datasets/BUSI (Breast Ultrasound Image)/benign/benign (359)_mask.png,benign,train,
/kaggle/input/datasets/maak01/e-nas-datasets/Datasets/BUSI (Breast Ultrasound Image)/benign/benign (81).png,/kaggle/input/datasets/maak01/e-nas-datasets/Datasets/BUSI (Breast Ultrasound Image)/benign/benign (81)_mask.png,benign,train,
/kaggle/input/datasets/maak01/e-nas-datasets/Datasets/BUSI (Breast Ultrasound Image)/benign/benign (102).png,/kaggle/input/datasets/maak01/e-nas-datasets/Datasets/BUSI (Breast Ultrasound Image)/benign/benign (102)_mask.png,benign,train,
/kaggle/input/datasets/maak01/e-nas-datasets/Datasets/BUSI (Breast Ultrasound Image)/benign/benign (417).png,/kaggle/input/datasets/maak01/e-nas-datasets/Datasets/BUSI (Breast Ultrasound Image)/benign/benign (417)_mask.png,benign,train,
/kaggle/input/datasets/maak01/e-nas-datasets/Datasets/BUSI (Breast Ultrasound Image)/benign/benign (59).png,/kaggle/input/datasets/maak01/e-nas-datasets/Datasets/BUSI (Breast Ultrasound Image)/benign/benign (59)_mask.png,benign,train,
/kaggle/input/datasets/maak01/e-nas-datasets/Datasets/BUSI (Breast Ultrasound Image)/benign/benign (415).png,/kaggle/input/datasets/maak01/e-nas-datasets/Datasets/BUSI (Breast Ultrasound Image)/benign/benign (415)_mask.png,benign,train,
/kaggle/input/datasets/maak01/e-nas-datasets/Datasets/BUSI (Breast Ultrasound Image)/benign/benign (287).png,/kaggle/input/datasets/maak01/e-nas-datasets/Datasets/BUSI (Breast Ultrasound Image)/benign/benign (287)_mask.png,benign,train,
/kaggle/input/datasets/maak01/e-nas-datasets/Datasets/BUSI (Breast Ultrasound Image)/benign/benign (280).png,/kaggle/input/datasets/maak01/e-nas-datasets/Datasets/BUSI (Breast Ultrasound Image)/benign/benign (280)_mask.png,benign,train,
/kaggle/input/datasets/maak01/e-nas-datasets/Datasets/BUSI (Breast Ultrasound Image)/benign/benign (373).png,/kaggle/input/datasets/maak01/e-nas-datasets/Datasets/BUSI (Breast Ultrasound Image)/benign/benign (373)_mask.png,benign,train,
/kaggle/input/datasets/maak01/e-nas-datasets/Datasets/BUSI (Breast Ultrasound Image)/benign/benign (100).png,/kaggle/input/datasets/maak01/e-nas-datasets/Datasets/BUSI (Breast Ultrasound Image)/benign/benign (100)_mask.png;/kaggle/input/datasets/maak01/e-nas-datasets/Datasets/BUSI (Breast Ultrasound Image)/benign/benign (100)_mask_1.png,benign,train,
/kaggle/input/datasets/maak01/e-nas-datasets/Datasets/BUSI (Breast Ultrasound Image)/benign/benign (169).png,/kaggle/input/datasets/maak01/e-nas-datasets/Datasets/BUSI (Breast Ultrasound Image)/benign/benign (169)_mask.png,benign,train,
/kaggle/input/datasets/maak01/e-nas-datasets/Datasets/BUSI (Breast Ultrasound Image)/benign/benign (243).png,/kaggle/input/datasets/maak01/e-nas-datasets/Datasets/BUSI (Breast Ultrasound Image)/benign/benign (243)_mask.png,benign,train,
/kaggle/input/datasets/maak01/e-nas-datasets/Datasets/BUSI (Breast Ultrasound Image)/benign/benign (374).png,/kaggle/input/datasets/maak01/e-nas-datasets/Datasets/BUSI (Breast Ultrasound Image)/benign/benign (374)_mask.png,benign,train,
/kaggle/input/datasets/maak01/e-nas-datasets/Datasets/BUSI (Breast Ultrasound Image)/benign/benign (269).png,/kaggle/input/datasets/maak01/e-nas-datasets/Datasets/BUSI (Breast Ultrasound Image)/benign/benign (269)_mask.png,benign,train,
/kaggle/input/datasets/maak01/e-nas-datasets/Datasets/BUSI (Breast Ultrasound Image)/benign/benign (152).png,/kaggle/input/datasets/maak01/e-nas-datasets/Datasets/BUSI (Breast Ultrasound Image)/benign/benign (152)_mask.png,benign,train,
/kaggle/input/datasets/maak01/e-nas-datasets/Datasets/BUSI (Breast Ultrasound Image)/benign/benign (247).png,/kaggle/input/datasets/maak01/e-nas-datasets/Datasets/BUSI (Breast Ultrasound Image)/benign/benign (247)_mask.png,benign,train,
/kaggle/input/datasets/maak01/e-nas-datasets/Datasets/BUSI (Breast Ultrasound Image)/benign/benign (323).png,/kaggle/input/datasets/maak01/e-nas-datasets/Datasets/BUSI (Breast Ultrasound Image)/benign/benign (323)_mask.png,benign,train,
/kaggle/input/datasets/maak01/e-nas-datasets/Datasets/BUSI (Breast Ultrasound Image)/benign/benign (19).png,/kaggle/input/datasets/maak01/e-nas-datasets/Datasets/BUSI (Breast Ultrasound Image)/benign/benign (19)_mask.png,benign,train,
/kaggle/input/datasets/maak01/e-nas-datasets/Datasets/BUSI (Breast Ultrasound Image)/benign/benign (132).png,/kaggle/input/datasets/maak01/e-nas-datasets/Datasets/BUSI (Breast Ultrasound Image)/benign/benign (132)_mask.png,benign,train,
/kaggle/input/datasets/maak01/e-nas-datasets/Datasets/BUSI (Breast Ultrasound Image)/benign/benign (118).png,/kaggle/input/datasets/maak01/e-nas-datasets/Datasets/BUSI (Breast Ultrasound Image)/benign/benign (118)_mask.png,benign,train,
/kaggle/input/datasets/maak01/e-nas-datasets/Datasets/BUSI (Breast Ultrasound Image)/benign/benign (259).png,/kaggle/input/datasets/maak01/e-nas-datasets/Datasets/BUSI (Breast Ultrasound Image)/benign/benign (259)_mask.png,benign,train,
/kaggle/input/datasets/maak01/e-nas-datasets/Datasets/BUSI (Breast Ultrasound Image)/benign/benign (380).png,/kaggle/input/datasets/maak01/e-nas-datasets/Datasets/BUSI (Breast Ultrasound Image)/benign/benign (380)_mask.png,benign,train,
/kaggle/input/datasets/maak01/e-nas-datasets/Datasets/BUSI (Breast Ultrasound Image)/benign/benign (49).png,/kaggle/input/datasets/maak01/e-nas-datasets/Datasets/BUSI (Breast Ultrasound Image)/benign/benign (49)_mask.png,benign,train,
/kaggle/input/datasets/maak01/e-nas-datasets/Datasets/BUSI (Breast Ultrasound Image)/benign/benign (396).png,/kaggle/input/datasets/maak01/e-nas-datasets/Datasets/BUSI (Breast Ultrasound Image)/benign/benign (396)_mask.png,benign,train,
/kaggle/input/datasets/maak01/e-nas-datasets/Datasets/BUSI (Breast Ultrasound Image)/benign/benign (320).png,/kaggle/input/datasets/maak01/e-nas-datasets/Datasets/BUSI (Breast Ultrasound Image)/benign/benign (320)_mask.png,benign,train,
/kaggle/input/datasets/maak01/e-nas-datasets/Datasets/BUSI (Breast Ultrasound Image)/benign/benign (434).png,/kaggle/input/datasets/maak01/e-nas-datasets/Datasets/BUSI (Breast Ultrasound Image)/benign/benign (434)_mask.png,benign,train,
/kaggle/input/datasets/maak01/e-nas-datasets/Datasets/BUSI (Breast Ultrasound Image)/benign/benign (375).png,/kaggle/input/datasets/maak01/e-nas-datasets/Datasets/BUSI (Breast Ultrasound Image)/benign/benign (375)_mask.png,benign,train,
/kaggle/input/datasets/maak01/e-nas-datasets/Datasets/BUSI (Breast Ultrasound Image)/benign/benign (316).png,/kaggle/input/datasets/maak01/e-nas-datasets/Datasets/BUSI (Breast Ultrasound Image)/benign/benign (316)_mask.png,benign,train,
/kaggle/input/datasets/maak01/e-nas-datasets/Datasets/BUSI (Breast Ultrasound Image)/benign/benign (216).png,/kaggle/input/datasets/maak01/e-nas-datasets/Datasets/BUSI (Breast Ultrasound Image)/benign/benign (216)_mask.png,benign,train,
/kaggle/input/datasets/maak01/e-nas-datasets/Datasets/BUSI (Breast Ultrasound Image)/benign/benign (182).png,/kaggle/input/datasets/maak01/e-nas-datasets/Datasets/BUSI (Breast Ultrasound Image)/benign/benign (182)_mask.png,benign,train,
/kaggle/input/datasets/maak01/e-nas-datasets/Datasets/BUSI (Breast Ultrasound Image)/benign/benign (23).png,/kaggle/input/datasets/maak01/e-nas-datasets/Datasets/BUSI (Breast Ultrasound Image)/benign/benign (23)_mask.png,benign,train,
/kaggle/input/datasets/maak01/e-nas-datasets/Datasets/BUSI (Breast Ultrasound Image)/benign/benign (215).png,/kaggle/input/datasets/maak01/e-nas-datasets/Datasets/BUSI (Breast Ultrasound Image)/benign/benign (215)_mask.png,benign,train,
/kaggle/input/datasets/maak01/e-nas-datasets/Datasets/BUSI (Breast Ultrasound Image)/benign/benign (298).png,/kaggle/input/datasets/maak01/e-nas-datasets/Datasets/BUSI (Breast Ultrasound Image)/benign/benign (298)_mask.png,benign,train,
/kaggle/input/datasets/maak01/e-nas-datasets/Datasets/BUSI (Breast Ultrasound Image)/benign/benign (246).png,/kaggle/input/datasets/maak01/e-nas-datasets/Datasets/BUSI (Breast Ultrasound Image)/benign/benign (246)_mask.png,benign,train,
/kaggle/input/datasets/maak01/e-nas-datasets/Datasets/BUSI (Breast Ultrasound Image)/benign/benign (293).png,/kaggle/input/datasets/maak01/e-nas-datasets/Datasets/BUSI (Breast Ultrasound Image)/benign/benign (293)_mask.png,benign,train,
/kaggle/input/datasets/maak01/e-nas-datasets/Datasets/BUSI (Breast Ultrasound Image)/benign/benign (224).png,/kaggle/input/datasets/maak01/e-nas-datasets/Datasets/BUSI (Breast Ultrasound Image)/benign/benign (224)_mask.png,benign,train,
/kaggle/input/datasets/maak01/e-nas-datasets/Datasets/BUSI (Breast Ultrasound Image)/benign/benign (161).png,/kaggle/input/datasets/maak01/e-nas-datasets/Datasets/BUSI (Breast Ultrasound Image)/benign/benign (161)_mask.png,benign,train,
/kaggle/input/datasets/maak01/e-nas-datasets/Datasets/BUSI (Breast Ultrasound Image)/benign/benign (136).png,/kaggle/input/datasets/maak01/e-nas-datasets/Datasets/BUSI (Breast Ultrasound Image)/benign/benign (136)_mask.png,benign,train,
/kaggle/input/datasets/maak01/e-nas-datasets/Datasets/BUSI (Breast Ultrasound Image)/benign/benign (260).png,/kaggle/input/datasets/maak01/e-nas-datasets/Datasets/BUSI (Breast Ultrasound Image)/benign/benign (260)_mask.png,benign,train,
/kaggle/input/datasets/maak01/e-nas-datasets/Datasets/BUSI (Breast Ultrasound Image)/benign/benign (300).png,/kaggle/input/datasets/maak01/e-nas-datasets/Datasets/BUSI (Breast Ultrasound Image)/benign/benign (300)_mask.png,benign,train,
/kaggle/input/datasets/maak01/e-nas-datasets/Datasets/BUSI (Breast Ultrasound Image)/benign/benign (335).png,/kaggle/input/datasets/maak01/e-nas-datasets/Datasets/BUSI (Breast Ultrasound Image)/benign/benign (335)_mask.png,benign,train,
/kaggle/input/datasets/maak01/e-nas-datasets/Datasets/BUSI (Breast Ultrasound Image)/benign/benign (14).png,/kaggle/input/datasets/maak01/e-nas-datasets/Datasets/BUSI (Breast Ultrasound Image)/benign/benign (14)_mask.png,benign,train,
/kaggle/input/datasets/maak01/e-nas-datasets/Datasets/BUSI (Breast Ultrasound Image)/benign/benign (13).png,/kaggle/input/datasets/maak01/e-nas-datasets/Datasets/BUSI (Breast Ultrasound Image)/benign/benign (13)_mask.png,benign,train,
/kaggle/input/datasets/maak01/e-nas-datasets/Datasets/BUSI (Breast Ultrasound Image)/benign/benign (186).png,/kaggle/input/datasets/maak01/e-nas-datasets/Datasets/BUSI (Breast Ultrasound Image)/benign/benign (186)_mask.png,benign,train,
/kaggle/input/datasets/maak01/e-nas-datasets/Datasets/BUSI (Breast Ultrasound Image)/benign/benign (4).png,/kaggle/input/datasets/maak01/e-nas-datasets/Datasets/BUSI (Breast Ultrasound Image)/benign/benign (4)_mask.png;/kaggle/input/datasets/maak01/e-nas-datasets/Datasets/BUSI (Breast Ultrasound Image)/benign/benign (4)_mask_1.png,benign,train,
/kaggle/input/datasets/maak01/e-nas-datasets/Datasets/BUSI (Breast Ultrasound Image)/benign/benign (315).png,/kaggle/input/datasets/maak01/e-nas-datasets/Datasets/BUSI (Breast Ultrasound Image)/benign/benign (315)_mask.png;/kaggle/input/datasets/maak01/e-nas-datasets/Datasets/BUSI (Breast Ultrasound Image)/benign/benign (315)_mask_1.png,benign,train,
/kaggle/input/datasets/maak01/e-nas-datasets/Datasets/BUSI (Breast Ultrasound Image)/benign/benign (411).png,/kaggle/input/datasets/maak01/e-nas-datasets/Datasets/BUSI (Breast Ultrasound Image)/benign/benign (411)_mask.png,benign,train,
/kaggle/input/datasets/maak01/e-nas-datasets/Datasets/BUSI (Breast Ultrasound Image)/benign/benign (56).png,/kaggle/input/datasets/maak01/e-nas-datasets/Datasets/BUSI (Breast Ultrasound Image)/benign/benign (56)_mask.png,benign,train,
/kaggle/input/datasets/maak01/e-nas-datasets/Datasets/BUSI (Breast Ultrasound Image)/benign/benign (228).png,/kaggle/input/datasets/maak01/e-nas-datasets/Datasets/BUSI (Breast Ultrasound Image)/benign/benign (228)_mask.png,benign,train,
/kaggle/input/datasets/maak01/e-nas-datasets/Datasets/BUSI (Breast Ultrasound Image)/benign/benign (301).png,/kaggle/input/datasets/maak01/e-nas-datasets/Datasets/BUSI (Breast Ultrasound Image)/benign/benign (301)_mask.png,benign,train,
/kaggle/input/datasets/maak01/e-nas-datasets/Datasets/BUSI (Breast Ultrasound Image)/benign/benign (87).png,/kaggle/input/datasets/maak01/e-nas-datasets/Datasets/BUSI (Breast Ultrasound Image)/benign/benign (87)_mask.png,benign,train,
/kaggle/input/datasets/maak01/e-nas-datasets/Datasets/BUSI (Breast Ultrasound Image)/benign/benign (406).png,/kaggle/input/datasets/maak01/e-nas-datasets/Datasets/BUSI (Breast Ultrasound Image)/benign/benign (406)_mask.png,benign,train,
/kaggle/input/datasets/maak01/e-nas-datasets/Datasets/BUSI (Breast Ultrasound Image)/benign/benign (179).png,/kaggle/input/datasets/maak01/e-nas-datasets/Datasets/BUSI (Breast Ultrasound Image)/benign/benign (179)_mask.png,benign,train,
/kaggle/input/datasets/maak01/e-nas-datasets/Datasets/BUSI (Breast Ultrasound Image)/benign/benign (207).png,/kaggle/input/datasets/maak01/e-nas-datasets/Datasets/BUSI (Breast Ultrasound Image)/benign/benign (207)_mask.png,benign,train,
/kaggle/input/datasets/maak01/e-nas-datasets/Datasets/BUSI (Breast Ultrasound Image)/benign/benign (251).png,/kaggle/input/datasets/maak01/e-nas-datasets/Datasets/BUSI (Breast Ultrasound Image)/benign/benign (251)_mask.png,benign,train,
/kaggle/input/datasets/maak01/e-nas-datasets/Datasets/BUSI (Breast Ultrasound Image)/benign/benign (160).png,/kaggle/input/datasets/maak01/e-nas-datasets/Datasets/BUSI (Breast Ultrasound Image)/benign/benign (160)_mask.png,benign,train,
/kaggle/input/datasets/maak01/e-nas-datasets/Datasets/BUSI (Breast Ultrasound Image)/benign/benign (343).png,/kaggle/input/datasets/maak01/e-nas-datasets/Datasets/BUSI (Breast Ultrasound Image)/benign/benign (343)_mask.png,benign,train,
/kaggle/input/datasets/maak01/e-nas-datasets/Datasets/BUSI (Breast Ultrasound Image)/benign/benign (237).png,/kaggle/input/datasets/maak01/e-nas-datasets/Datasets/BUSI (Breast Ultrasound Image)/benign/benign (237)_mask.png,benign,train,
/kaggle/input/datasets/maak01/e-nas-datasets/Datasets/BUSI (Breast Ultrasound Image)/benign/benign (183).png,/kaggle/input/datasets/maak01/e-nas-datasets/Datasets/BUSI (Breast Ultrasound Image)/benign/benign (183)_mask.png,benign,train,
/kaggle/input/datasets/maak01/e-nas-datasets/Datasets/BUSI (Breast Ultrasound Image)/benign/benign (437).png,/kaggle/input/datasets/maak01/e-nas-datasets/Datasets/BUSI (Breast Ultrasound Image)/benign/benign (437)_mask.png,benign,train,
/kaggle/input/datasets/maak01/e-nas-datasets/Datasets/BUSI (Breast Ultrasound Image)/benign/benign (29).png,/kaggle/input/datasets/maak01/e-nas-datasets/Datasets/BUSI (Breast Ultrasound Image)/benign/benign (29)_mask.png,benign,train,
/kaggle/input/datasets/maak01/e-nas-datasets/Datasets/BUSI (Breast Ultrasound Image)/benign/benign (338).png,/kaggle/input/datasets/maak01/e-nas-datasets/Datasets/BUSI (Breast Ultrasound Image)/benign/benign (338)_mask.png,benign,train,
/kaggle/input/datasets/maak01/e-nas-datasets/Datasets/BUSI (Breast Ultrasound Image)/benign/benign (409).png,/kaggle/input/datasets/maak01/e-nas-datasets/Datasets/BUSI (Breast Ultrasound Image)/benign/benign (409)_mask.png,benign,train,
/kaggle/input/datasets/maak01/e-nas-datasets/Datasets/BUSI (Breast Ultrasound Image)/benign/benign (285).png,/kaggle/input/datasets/maak01/e-nas-datasets/Datasets/BUSI (Breast Ultrasound Image)/benign/benign (285)_mask.png,benign,train,
/kaggle/input/datasets/maak01/e-nas-datasets/Datasets/BUSI (Breast Ultrasound Image)/benign/benign (133).png,/kaggle/input/datasets/maak01/e-nas-datasets/Datasets/BUSI (Breast Ultrasound Image)/benign/benign (133)_mask.png,benign,train,
/kaggle/input/datasets/maak01/e-nas-datasets/Datasets/BUSI (Breast Ultrasound Image)/benign/benign (341).png,/kaggle/input/datasets/maak01/e-nas-datasets/Datasets/BUSI (Breast Ultrasound Image)/benign/benign (341)_mask.png,benign,train,
/kaggle/input/datasets/maak01/e-nas-datasets/Datasets/BUSI (Breast Ultrasound Image)/benign/benign (9).png,/kaggle/input/datasets/maak01/e-nas-datasets/Datasets/BUSI (Breast Ultrasound Image)/benign/benign (9)_mask.png,benign,train,
/kaggle/input/datasets/maak01/e-nas-datasets/Datasets/BUSI (Breast Ultrasound Image)/benign/benign (144).png,/kaggle/input/datasets/maak01/e-nas-datasets/Datasets/BUSI (Breast Ultrasound Image)/benign/benign (144)_mask.png,benign,train,
/kaggle/input/datasets/maak01/e-nas-datasets/Datasets/BUSI (Breast Ultrasound Image)/benign/benign (288).png,/kaggle/input/datasets/maak01/e-nas-datasets/Datasets/BUSI (Breast Ultrasound Image)/benign/benign (288)_mask.png,benign,train,
/kaggle/input/datasets/maak01/e-nas-datasets/Datasets/BUSI (Breast Ultrasound Image)/benign/benign (195).png,/kaggle/input/datasets/maak01/e-nas-datasets/Datasets/BUSI (Breast Ultrasound Image)/benign/benign (195)_mask.png;/kaggle/input/datasets/maak01/e-nas-datasets/Datasets/BUSI (Breast Ultrasound Image)/benign/benign (195)_mask_1.png;/kaggle/input/datasets/maak01/e-nas-datasets/Datasets/BUSI (Breast Ultrasound Image)/benign/benign (195)_mask_2.png,benign,train,
/kaggle/input/datasets/maak01/e-nas-datasets/Datasets/BUSI (Breast Ultrasound Image)/benign/benign (349).png,/kaggle/input/datasets/maak01/e-nas-datasets/Datasets/BUSI (Breast Ultrasound Image)/benign/benign (349)_mask.png,benign,train,
/kaggle/input/datasets/maak01/e-nas-datasets/Datasets/BUSI (Breast Ultrasound Image)/benign/benign (176).png,/kaggle/input/datasets/maak01/e-nas-datasets/Datasets/BUSI (Breast Ultrasound Image)/benign/benign (176)_mask.png,benign,train,
/kaggle/input/datasets/maak01/e-nas-datasets/Datasets/BUSI (Breast Ultrasound Image)/benign/benign (122).png,/kaggle/input/datasets/maak01/e-nas-datasets/Datasets/BUSI (Breast Ultrasound Image)/benign/benign (122)_mask.png,benign,train,
/kaggle/input/datasets/maak01/e-nas-datasets/Datasets/BUSI (Breast Ultrasound Image)/benign/benign (327).png,/kaggle/input/datasets/maak01/e-nas-datasets/Datasets/BUSI (Breast Ultrasound Image)/benign/benign (327)_mask.png,benign,train,
/kaggle/input/datasets/maak01/e-nas-datasets/Datasets/BUSI (Breast Ultrasound Image)/benign/benign (407).png,/kaggle/input/datasets/maak01/e-nas-datasets/Datasets/BUSI (Breast Ultrasound Image)/benign/benign (407)_mask.png,benign,train,
/kaggle/input/datasets/maak01/e-nas-datasets/Datasets/BUSI (Breast Ultrasound Image)/benign/benign (159).png,/kaggle/input/datasets/maak01/e-nas-datasets/Datasets/BUSI (Breast Ultrasound Image)/benign/benign (159)_mask.png,benign,train,
/kaggle/input/datasets/maak01/e-nas-datasets/Datasets/BUSI (Breast Ultrasound Image)/benign/benign (278).png,/kaggle/input/datasets/maak01/e-nas-datasets/Datasets/BUSI (Breast Ultrasound Image)/benign/benign (278)_mask.png,benign,train,
/kaggle/input/datasets/maak01/e-nas-datasets/Datasets/BUSI (Breast Ultrasound Image)/benign/benign (344).png,/kaggle/input/datasets/maak01/e-nas-datasets/Datasets/BUSI (Breast Ultrasound Image)/benign/benign (344)_mask.png,benign,train,
/kaggle/input/datasets/maak01/e-nas-datasets/Datasets/BUSI (Breast Ultrasound Image)/benign/benign (282).png,/kaggle/input/datasets/maak01/e-nas-datasets/Datasets/BUSI (Breast Ultrasound Image)/benign/benign (282)_mask.png,benign,train,
/kaggle/input/datasets/maak01/e-nas-datasets/Datasets/BUSI (Breast Ultrasound Image)/benign/benign (147).png,/kaggle/input/datasets/maak01/e-nas-datasets/Datasets/BUSI (Breast Ultrasound Image)/benign/benign (147)_mask.png,benign,train,
/kaggle/input/datasets/maak01/e-nas-datasets/Datasets/BUSI (Breast Ultrasound Image)/benign/benign (24).png,/kaggle/input/datasets/maak01/e-nas-datasets/Datasets/BUSI (Breast Ultrasound Image)/benign/benign (24)_mask.png,benign,train,
/kaggle/input/datasets/maak01/e-nas-datasets/Datasets/BUSI (Breast Ultrasound Image)/benign/benign (306).png,/kaggle/input/datasets/maak01/e-nas-datasets/Datasets/BUSI (Breast Ultrasound Image)/benign/benign (306)_mask.png,benign,train,
/kaggle/input/datasets/maak01/e-nas-datasets/Datasets/BUSI (Breast Ultrasound Image)/benign/benign (295).png,/kaggle/input/datasets/maak01/e-nas-datasets/Datasets/BUSI (Breast Ultrasound Image)/benign/benign (295)_mask.png,benign,train,
/kaggle/input/datasets/maak01/e-nas-datasets/Datasets/BUSI (Breast Ultrasound Image)/benign/benign (242).png,/kaggle/input/datasets/maak01/e-nas-datasets/Datasets/BUSI (Breast Ultrasound Image)/benign/benign (242)_mask.png,benign,train,
/kaggle/input/datasets/maak01/e-nas-datasets/Datasets/BUSI (Breast Ultrasound Image)/benign/benign (334).png,/kaggle/input/datasets/maak01/e-nas-datasets/Datasets/BUSI (Breast Ultrasound Image)/benign/benign (334)_mask.png,benign,train,
/kaggle/input/datasets/maak01/e-nas-datasets/Datasets/BUSI (Breast Ultrasound Image)/benign/benign (127).png,/kaggle/input/datasets/maak01/e-nas-datasets/Datasets/BUSI (Breast Ultrasound Image)/benign/benign (127)_mask.png,benign,train,
/kaggle/input/datasets/maak01/e-nas-datasets/Datasets/BUSI (Breast Ultrasound Image)/benign/benign (164).png,/kaggle/input/datasets/maak01/e-nas-datasets/Datasets/BUSI (Breast Ultrasound Image)/benign/benign (164)_mask.png,benign,train,
/kaggle/input/datasets/maak01/e-nas-datasets/Datasets/BUSI (Breast Ultrasound Image)/benign/benign (213).png,/kaggle/input/datasets/maak01/e-nas-datasets/Datasets/BUSI (Breast Ultrasound Image)/benign/benign (213)_mask.png,benign,train,
/kaggle/input/datasets/maak01/e-nas-datasets/Datasets/BUSI (Breast Ultrasound Image)/benign/benign (352).png,/kaggle/input/datasets/maak01/e-nas-datasets/Datasets/BUSI (Breast Ultrasound Image)/benign/benign (352)_mask.png,benign,train,
/kaggle/input/datasets/maak01/e-nas-datasets/Datasets/BUSI (Breast Ultrasound Image)/benign/benign (361).png,/kaggle/input/datasets/maak01/e-nas-datasets/Datasets/BUSI (Breast Ultrasound Image)/benign/benign (361)_mask.png,benign,train,
/kaggle/input/datasets/maak01/e-nas-datasets/Datasets/BUSI (Breast Ultrasound Image)/benign/benign (252).png,/kaggle/input/datasets/maak01/e-nas-datasets/Datasets/BUSI (Breast Ultrasound Image)/benign/benign (252)_mask.png,benign,train,
/kaggle/input/datasets/maak01/e-nas-datasets/Datasets/BUSI (Breast Ultrasound Image)/benign/benign (307).png,/kaggle/input/datasets/maak01/e-nas-datasets/Datasets/BUSI (Breast Ultrasound Image)/benign/benign (307)_mask.png,benign,train,
/kaggle/input/datasets/maak01/e-nas-datasets/Datasets/BUSI (Breast Ultrasound Image)/benign/benign (168).png,/kaggle/input/datasets/maak01/e-nas-datasets/Datasets/BUSI (Breast Ultrasound Image)/benign/benign (168)_mask.png,benign,train,
/kaggle/input/datasets/maak01/e-nas-datasets/Datasets/BUSI (Breast Ultrasound Image)/benign/benign (51).png,/kaggle/input/datasets/maak01/e-nas-datasets/Datasets/BUSI (Breast Ultrasound Image)/benign/benign (51)_mask.png,benign,train,
/kaggle/input/datasets/maak01/e-nas-datasets/Datasets/BUSI (Breast Ultrasound Image)/benign/benign (291).png,/kaggle/input/datasets/maak01/e-nas-datasets/Datasets/BUSI (Breast Ultrasound Image)/benign/benign (291)_mask.png,benign,train,
/kaggle/input/datasets/maak01/e-nas-datasets/Datasets/BUSI (Breast Ultrasound Image)/benign/benign (72).png,/kaggle/input/datasets/maak01/e-nas-datasets/Datasets/BUSI (Breast Ultrasound Image)/benign/benign (72)_mask.png,benign,train,
/kaggle/input/datasets/maak01/e-nas-datasets/Datasets/BUSI (Breast Ultrasound Image)/benign/benign (108).png,/kaggle/input/datasets/maak01/e-nas-datasets/Datasets/BUSI (Breast Ultrasound Image)/benign/benign (108)_mask.png,benign,train,
/kaggle/input/datasets/maak01/e-nas-datasets/Datasets/BUSI (Breast Ultrasound Image)/benign/benign (158).png,/kaggle/input/datasets/maak01/e-nas-datasets/Datasets/BUSI (Breast Ultrasound Image)/benign/benign (158)_mask.png,benign,train,
/kaggle/input/datasets/maak01/e-nas-datasets/Datasets/BUSI (Breast Ultrasound Image)/benign/benign (219).png,/kaggle/input/datasets/maak01/e-nas-datasets/Datasets/BUSI (Breast Ultrasound Image)/benign/benign (219)_mask.png,benign,train,
/kaggle/input/datasets/maak01/e-nas-datasets/Datasets/BUSI (Breast Ultrasound Image)/benign/benign (117).png,/kaggle/input/datasets/maak01/e-nas-datasets/Datasets/BUSI (Breast Ultrasound Image)/benign/benign (117)_mask.png,benign,train,
/kaggle/input/datasets/maak01/e-nas-datasets/Datasets/BUSI (Breast Ultrasound Image)/benign/benign (357).png,/kaggle/input/datasets/maak01/e-nas-datasets/Datasets/BUSI (Breast Ultrasound Image)/benign/benign (357)_mask.png,benign,train,
/kaggle/input/datasets/maak01/e-nas-datasets/Datasets/BUSI (Breast Ultrasound Image)/benign/benign (198).png,/kaggle/input/datasets/maak01/e-nas-datasets/Datasets/BUSI (Breast Ultrasound Image)/benign/benign (198)_mask.png,benign,train,
/kaggle/input/datasets/maak01/e-nas-datasets/Datasets/BUSI (Breast Ultrasound Image)/benign/benign (74).png,/kaggle/input/datasets/maak01/e-nas-datasets/Datasets/BUSI (Breast Ultrasound Image)/benign/benign (74)_mask.png,benign,train,
/kaggle/input/datasets/maak01/e-nas-datasets/Datasets/BUSI (Breast Ultrasound Image)/benign/benign (157).png,/kaggle/input/datasets/maak01/e-nas-datasets/Datasets/BUSI (Breast Ultrasound Image)/benign/benign (157)_mask.png,benign,train,
/kaggle/input/datasets/maak01/e-nas-datasets/Datasets/BUSI (Breast Ultrasound Image)/benign/benign (154).png,/kaggle/input/datasets/maak01/e-nas-datasets/Datasets/BUSI (Breast Ultrasound Image)/benign/benign (154)_mask.png,benign,train,
/kaggle/input/datasets/maak01/e-nas-datasets/Datasets/BUSI (Breast Ultrasound Image)/benign/benign (166).png,/kaggle/input/datasets/maak01/e-nas-datasets/Datasets/BUSI (Breast Ultrasound Image)/benign/benign (166)_mask.png,benign,train,
/kaggle/input/datasets/maak01/e-nas-datasets/Datasets/BUSI (Breast Ultrasound Image)/benign/benign (104).png,/kaggle/input/datasets/maak01/e-nas-datasets/Datasets/BUSI (Breast Ultrasound Image)/benign/benign (104)_mask.png,benign,train,
/kaggle/input/datasets/maak01/e-nas-datasets/Datasets/BUSI (Breast Ultrasound Image)/benign/benign (105).png,/kaggle/input/datasets/maak01/e-nas-datasets/Datasets/BUSI (Breast Ultrasound Image)/benign/benign (105)_mask.png,benign,train,
/kaggle/input/datasets/maak01/e-nas-datasets/Datasets/BUSI (Breast Ultrasound Image)/benign/benign (8).png,/kaggle/input/datasets/maak01/e-nas-datasets/Datasets/BUSI (Breast Ultrasound Image)/benign/benign (8)_mask.png,benign,train,
/kaggle/input/datasets/maak01/e-nas-datasets/Datasets/BUSI (Breast Ultrasound Image)/benign/benign (302).png,/kaggle/input/datasets/maak01/e-nas-datasets/Datasets/BUSI (Breast Ultrasound Image)/benign/benign (302)_mask.png,benign,train,
/kaggle/input/datasets/maak01/e-nas-datasets/Datasets/BUSI (Breast Ultrasound Image)/benign/benign (421).png,/kaggle/input/datasets/maak01/e-nas-datasets/Datasets/BUSI (Breast Ultrasound Image)/benign/benign (421)_mask.png,benign,train,
/kaggle/input/datasets/maak01/e-nas-datasets/Datasets/BUSI (Breast Ultrasound Image)/benign/benign (111).png,/kaggle/input/datasets/maak01/e-nas-datasets/Datasets/BUSI (Breast Ultrasound Image)/benign/benign (111)_mask.png,benign,train,
/kaggle/input/datasets/maak01/e-nas-datasets/Datasets/BUSI (Breast Ultrasound Image)/benign/benign (149).png,/kaggle/input/datasets/maak01/e-nas-datasets/Datasets/BUSI (Breast Ultrasound Image)/benign/benign (149)_mask.png,benign,train,
/kaggle/input/datasets/maak01/e-nas-datasets/Datasets/BUSI (Breast Ultrasound Image)/benign/benign (167).png,/kaggle/input/datasets/maak01/e-nas-datasets/Datasets/BUSI (Breast Ultrasound Image)/benign/benign (167)_mask.png,benign,train,
/kaggle/input/datasets/maak01/e-nas-datasets/Datasets/BUSI (Breast Ultrasound Image)/benign/benign (303).png,/kaggle/input/datasets/maak01/e-nas-datasets/Datasets/BUSI (Breast Ultrasound Image)/benign/benign (303)_mask.png,benign,train,
/kaggle/input/datasets/maak01/e-nas-datasets/Datasets/BUSI (Breast Ultrasound Image)/benign/benign (134).png,/kaggle/input/datasets/maak01/e-nas-datasets/Datasets/BUSI (Breast Ultrasound Image)/benign/benign (134)_mask.png,benign,train,
/kaggle/input/datasets/maak01/e-nas-datasets/Datasets/BUSI (Breast Ultrasound Image)/benign/benign (272).png,/kaggle/input/datasets/maak01/e-nas-datasets/Datasets/BUSI (Breast Ultrasound Image)/benign/benign (272)_mask.png,benign,train,
/kaggle/input/datasets/maak01/e-nas-datasets/Datasets/BUSI (Breast Ultrasound Image)/benign/benign (245).png,/kaggle/input/datasets/maak01/e-nas-datasets/Datasets/BUSI (Breast Ultrasound Image)/benign/benign (245)_mask.png,benign,train,
/kaggle/input/datasets/maak01/e-nas-datasets/Datasets/BUSI (Breast Ultrasound Image)/benign/benign (387).png,/kaggle/input/datasets/maak01/e-nas-datasets/Datasets/BUSI (Breast Ultrasound Image)/benign/benign (387)_mask.png,benign,train,
/kaggle/input/datasets/maak01/e-nas-datasets/Datasets/BUSI (Breast Ultrasound Image)/benign/benign (427).png,/kaggle/input/datasets/maak01/e-nas-datasets/Datasets/BUSI (Breast Ultrasound Image)/benign/benign (427)_mask.png,benign,train,
/kaggle/input/datasets/maak01/e-nas-datasets/Datasets/BUSI (Breast Ultrasound Image)/benign/benign (318).png,/kaggle/input/datasets/maak01/e-nas-datasets/Datasets/BUSI (Breast Ultrasound Image)/benign/benign (318)_mask.png,benign,train,
/kaggle/input/datasets/maak01/e-nas-datasets/Datasets/BUSI (Breast Ultrasound Image)/benign/benign (189).png,/kaggle/input/datasets/maak01/e-nas-datasets/Datasets/BUSI (Breast Ultrasound Image)/benign/benign (189)_mask.png,benign,train,
/kaggle/input/datasets/maak01/e-nas-datasets/Datasets/BUSI (Breast Ultrasound Image)/benign/benign (340).png,/kaggle/input/datasets/maak01/e-nas-datasets/Datasets/BUSI (Breast Ultrasound Image)/benign/benign (340)_mask.png,benign,train,
/kaggle/input/datasets/maak01/e-nas-datasets/Datasets/BUSI (Breast Ultrasound Image)/benign/benign (187).png,/kaggle/input/datasets/maak01/e-nas-datasets/Datasets/BUSI (Breast Ultrasound Image)/benign/benign (187)_mask.png,benign,train,
/kaggle/input/datasets/maak01/e-nas-datasets/Datasets/BUSI (Breast Ultrasound Image)/benign/benign (426).png,/kaggle/input/datasets/maak01/e-nas-datasets/Datasets/BUSI (Breast Ultrasound Image)/benign/benign (426)_mask.png,benign,train,
/kaggle/input/datasets/maak01/e-nas-datasets/Datasets/BUSI (Breast Ultrasound Image)/benign/benign (309).png,/kaggle/input/datasets/maak01/e-nas-datasets/Datasets/BUSI (Breast Ultrasound Image)/benign/benign (309)_mask.png,benign,train,
/kaggle/input/datasets/maak01/e-nas-datasets/Datasets/BUSI (Breast Ultrasound Image)/benign/benign (7).png,/kaggle/input/datasets/maak01/e-nas-datasets/Datasets/BUSI (Breast Ultrasound Image)/benign/benign (7)_mask.png,benign,train,
/kaggle/input/datasets/maak01/e-nas-datasets/Datasets/BUSI (Breast Ultrasound Image)/benign/benign (325).png,/kaggle/input/datasets/maak01/e-nas-datasets/Datasets/BUSI (Breast Ultrasound Image)/benign/benign (325)_mask.png,benign,train,
/kaggle/input/datasets/maak01/e-nas-datasets/Datasets/BUSI (Breast Ultrasound Image)/benign/benign (414).png,/kaggle/input/datasets/maak01/e-nas-datasets/Datasets/BUSI (Breast Ultrasound Image)/benign/benign (414)_mask.png,benign,train,
/kaggle/input/datasets/maak01/e-nas-datasets/Datasets/BUSI (Breast Ultrasound Image)/benign/benign (366).png,/kaggle/input/datasets/maak01/e-nas-datasets/Datasets/BUSI (Breast Ultrasound Image)/benign/benign (366)_mask.png,benign,train,
/kaggle/input/datasets/maak01/e-nas-datasets/Datasets/BUSI (Breast Ultrasound Image)/benign/benign (268).png,/kaggle/input/datasets/maak01/e-nas-datasets/Datasets/BUSI (Breast Ultrasound Image)/benign/benign (268)_mask.png,benign,train,
/kaggle/input/datasets/maak01/e-nas-datasets/Datasets/BUSI (Breast Ultrasound Image)/benign/benign (319).png,/kaggle/input/datasets/maak01/e-nas-datasets/Datasets/BUSI (Breast Ultrasound Image)/benign/benign (319)_mask.png,benign,train,
/kaggle/input/datasets/maak01/e-nas-datasets/Datasets/BUSI (Breast Ultrasound Image)/benign/benign (28).png,/kaggle/input/datasets/maak01/e-nas-datasets/Datasets/BUSI (Breast Ultrasound Image)/benign/benign (28)_mask.png,benign,train,
/kaggle/input/datasets/maak01/e-nas-datasets/Datasets/BUSI (Breast Ultrasound Image)/benign/benign (75).png,/kaggle/input/datasets/maak01/e-nas-datasets/Datasets/BUSI (Breast Ultrasound Image)/benign/benign (75)_mask.png,benign,train,
/kaggle/input/datasets/maak01/e-nas-datasets/Datasets/BUSI (Breast Ultrasound Image)/benign/benign (67).png,/kaggle/input/datasets/maak01/e-nas-datasets/Datasets/BUSI (Breast Ultrasound Image)/benign/benign (67)_mask.png,benign,train,
/kaggle/input/datasets/maak01/e-nas-datasets/Datasets/BUSI (Breast Ultrasound Image)/benign/benign (432).png,/kaggle/input/datasets/maak01/e-nas-datasets/Datasets/BUSI (Breast Ultrasound Image)/benign/benign (432)_mask.png,benign,train,
/kaggle/input/datasets/maak01/e-nas-datasets/Datasets/BUSI (Breast Ultrasound Image)/benign/benign (97).png,/kaggle/input/datasets/maak01/e-nas-datasets/Datasets/BUSI (Breast Ultrasound Image)/benign/benign (97)_mask.png,benign,train,
/kaggle/input/datasets/maak01/e-nas-datasets/Datasets/BUSI (Breast Ultrasound Image)/benign/benign (255).png,/kaggle/input/datasets/maak01/e-nas-datasets/Datasets/BUSI (Breast Ultrasound Image)/benign/benign (255)_mask.png,benign,train,
/kaggle/input/datasets/maak01/e-nas-datasets/Datasets/BUSI (Breast Ultrasound Image)/benign/benign (32).png,/kaggle/input/datasets/maak01/e-nas-datasets/Datasets/BUSI (Breast Ultrasound Image)/benign/benign (32)_mask.png,benign,train,
/kaggle/input/datasets/maak01/e-nas-datasets/Datasets/BUSI (Breast Ultrasound Image)/benign/benign (200).png,/kaggle/input/datasets/maak01/e-nas-datasets/Datasets/BUSI (Breast Ultrasound Image)/benign/benign (200)_mask.png,benign,train,
/kaggle/input/datasets/maak01/e-nas-datasets/Datasets/BUSI (Breast Ultrasound Image)/benign/benign (116).png,/kaggle/input/datasets/maak01/e-nas-datasets/Datasets/BUSI (Breast Ultrasound Image)/benign/benign (116)_mask.png,benign,train,
/kaggle/input/datasets/maak01/e-nas-datasets/Datasets/BUSI (Breast Ultrasound Image)/benign/benign (53).png,/kaggle/input/datasets/maak01/e-nas-datasets/Datasets/BUSI (Breast Ultrasound Image)/benign/benign (53)_mask.png,benign,train,
/kaggle/input/datasets/maak01/e-nas-datasets/Datasets/BUSI (Breast Ultrasound Image)/benign/benign (205).png,/kaggle/input/datasets/maak01/e-nas-datasets/Datasets/BUSI (Breast Ultrasound Image)/benign/benign (205)_mask.png,benign,train,
/kaggle/input/datasets/maak01/e-nas-datasets/Datasets/BUSI (Breast Ultrasound Image)/benign/benign (279).png,/kaggle/input/datasets/maak01/e-nas-datasets/Datasets/BUSI (Breast Ultrasound Image)/benign/benign (279)_mask.png,benign,train,
/kaggle/input/datasets/maak01/e-nas-datasets/Datasets/BUSI (Breast Ultrasound Image)/benign/benign (372).png,/kaggle/input/datasets/maak01/e-nas-datasets/Datasets/BUSI (Breast Ultrasound Image)/benign/benign (372)_mask.png,benign,train,
/kaggle/input/datasets/maak01/e-nas-datasets/Datasets/BUSI (Breast Ultrasound Image)/benign/benign (261).png,/kaggle/input/datasets/maak01/e-nas-datasets/Datasets/BUSI (Breast Ultrasound Image)/benign/benign (261)_mask.png,benign,train,
/kaggle/input/datasets/maak01/e-nas-datasets/Datasets/BUSI (Breast Ultrasound Image)/benign/benign (39).png,/kaggle/input/datasets/maak01/e-nas-datasets/Datasets/BUSI (Breast Ultrasound Image)/benign/benign (39)_mask.png,benign,train,
/kaggle/input/datasets/maak01/e-nas-datasets/Datasets/BUSI (Breast Ultrasound Image)/benign/benign (93).png,/kaggle/input/datasets/maak01/e-nas-datasets/Datasets/BUSI (Breast Ultrasound Image)/benign/benign (93)_mask.png;/kaggle/input/datasets/maak01/e-nas-datasets/Datasets/BUSI (Breast Ultrasound Image)/benign/benign (93)_mask_1.png,benign,train,
/kaggle/input/datasets/maak01/e-nas-datasets/Datasets/BUSI (Breast Ultrasound Image)/benign/benign (395).png,/kaggle/input/datasets/maak01/e-nas-datasets/Datasets/BUSI (Breast Ultrasound Image)/benign/benign (395)_mask.png,benign,train,
/kaggle/input/datasets/maak01/e-nas-datasets/Datasets/BUSI (Breast Ultrasound Image)/benign/benign (388).png,/kaggle/input/datasets/maak01/e-nas-datasets/Datasets/BUSI (Breast Ultrasound Image)/benign/benign (388)_mask.png,benign,train,
/kaggle/input/datasets/maak01/e-nas-datasets/Datasets/BUSI (Breast Ultrasound Image)/benign/benign (54).png,/kaggle/input/datasets/maak01/e-nas-datasets/Datasets/BUSI (Breast Ultrasound Image)/benign/benign (54)_mask.png;/kaggle/input/datasets/maak01/e-nas-datasets/Datasets/BUSI (Breast Ultrasound Image)/benign/benign (54)_mask_1.png,benign,train,
/kaggle/input/datasets/maak01/e-nas-datasets/Datasets/BUSI (Breast Ultrasound Image)/benign/benign (299).png,/kaggle/input/datasets/maak01/e-nas-datasets/Datasets/BUSI (Breast Ultrasound Image)/benign/benign (299)_mask.png,benign,train,
/kaggle/input/datasets/maak01/e-nas-datasets/Datasets/BUSI (Breast Ultrasound Image)/benign/benign (123).png,/kaggle/input/datasets/maak01/e-nas-datasets/Datasets/BUSI (Breast Ultrasound Image)/benign/benign (123)_mask.png,benign,train,
/kaggle/input/datasets/maak01/e-nas-datasets/Datasets/BUSI (Breast Ultrasound Image)/benign/benign (296).png,/kaggle/input/datasets/maak01/e-nas-datasets/Datasets/BUSI (Breast Ultrasound Image)/benign/benign (296)_mask.png,benign,train,
/kaggle/input/datasets/maak01/e-nas-datasets/Datasets/BUSI (Breast Ultrasound Image)/benign/benign (192).png,/kaggle/input/datasets/maak01/e-nas-datasets/Datasets/BUSI (Breast Ultrasound Image)/benign/benign (192)_mask.png,benign,train,
/kaggle/input/datasets/maak01/e-nas-datasets/Datasets/BUSI (Breast Ultrasound Image)/benign/benign (286).png,/kaggle/input/datasets/maak01/e-nas-datasets/Datasets/BUSI (Breast Ultrasound Image)/benign/benign (286)_mask.png,benign,train,
/kaggle/input/datasets/maak01/e-nas-datasets/Datasets/BUSI (Breast Ultrasound Image)/benign/benign (121).png,/kaggle/input/datasets/maak01/e-nas-datasets/Datasets/BUSI (Breast Ultrasound Image)/benign/benign (121)_mask.png,benign,train,
/kaggle/input/datasets/maak01/e-nas-datasets/Datasets/BUSI (Breast Ultrasound Image)/benign/benign (34).png,/kaggle/input/datasets/maak01/e-nas-datasets/Datasets/BUSI (Breast Ultrasound Image)/benign/benign (34)_mask.png,benign,train,
/kaggle/input/datasets/maak01/e-nas-datasets/Datasets/BUSI (Breast Ultrasound Image)/benign/benign (25).png,/kaggle/input/datasets/maak01/e-nas-datasets/Datasets/BUSI (Breast Ultrasound Image)/benign/benign (25)_mask.png;/kaggle/input/datasets/maak01/e-nas-datasets/Datasets/BUSI (Breast Ultrasound Image)/benign/benign (25)_mask_1.png,benign,train,
/kaggle/input/datasets/maak01/e-nas-datasets/Datasets/BUSI (Breast Ultrasound Image)/benign/benign (58).png,/kaggle/input/datasets/maak01/e-nas-datasets/Datasets/BUSI (Breast Ultrasound Image)/benign/benign (58)_mask.png;/kaggle/input/datasets/maak01/e-nas-datasets/Datasets/BUSI (Breast Ultrasound Image)/benign/benign (58)_mask_1.png,benign,train,
/kaggle/input/datasets/maak01/e-nas-datasets/Datasets/BUSI (Breast Ultrasound Image)/benign/benign (78).png,/kaggle/input/datasets/maak01/e-nas-datasets/Datasets/BUSI (Breast Ultrasound Image)/benign/benign (78)_mask.png,benign,train,
/kaggle/input/datasets/maak01/e-nas-datasets/Datasets/BUSI (Breast Ultrasound Image)/benign/benign (424).png,/kaggle/input/datasets/maak01/e-nas-datasets/Datasets/BUSI (Breast Ultrasound Image)/benign/benign (424)_mask.png;/kaggle/input/datasets/maak01/e-nas-datasets/Datasets/BUSI (Breast Ultrasound Image)/benign/benign (424)_mask_1.png,benign,train,
/kaggle/input/datasets/maak01/e-nas-datasets/Datasets/BUSI (Breast Ultrasound Image)/benign/benign (194).png,/kaggle/input/datasets/maak01/e-nas-datasets/Datasets/BUSI (Breast Ultrasound Image)/benign/benign (194)_mask.png,benign,train,
/kaggle/input/datasets/maak01/e-nas-datasets/Datasets/BUSI (Breast Ultrasound Image)/benign/benign (364).png,/kaggle/input/datasets/maak01/e-nas-datasets/Datasets/BUSI (Breast Ultrasound Image)/benign/benign (364)_mask.png,benign,train,
/kaggle/input/datasets/maak01/e-nas-datasets/Datasets/BUSI (Breast Ultrasound Image)/benign/benign (180).png,/kaggle/input/datasets/maak01/e-nas-datasets/Datasets/BUSI (Breast Ultrasound Image)/benign/benign (180)_mask.png,benign,train,
/kaggle/input/datasets/maak01/e-nas-datasets/Datasets/BUSI (Breast Ultrasound Image)/benign/benign (6).png,/kaggle/input/datasets/maak01/e-nas-datasets/Datasets/BUSI (Breast Ultrasound Image)/benign/benign (6)_mask.png,benign,train,
/kaggle/input/datasets/maak01/e-nas-datasets/Datasets/BUSI (Breast Ultrasound Image)/benign/benign (35).png,/kaggle/input/datasets/maak01/e-nas-datasets/Datasets/BUSI (Breast Ultrasound Image)/benign/benign (35)_mask.png,benign,train,
/kaggle/input/datasets/maak01/e-nas-datasets/Datasets/BUSI (Breast Ultrasound Image)/benign/benign (48).png,/kaggle/input/datasets/maak01/e-nas-datasets/Datasets/BUSI (Breast Ultrasound Image)/benign/benign (48)_mask.png,benign,train,
/kaggle/input/datasets/maak01/e-nas-datasets/Datasets/BUSI (Breast Ultrasound Image)/benign/benign (86).png,/kaggle/input/datasets/maak01/e-nas-datasets/Datasets/BUSI (Breast Ultrasound Image)/benign/benign (86)_mask.png,benign,train,
/kaggle/input/datasets/maak01/e-nas-datasets/Datasets/BUSI (Breast Ultrasound Image)/benign/benign (142).png,/kaggle/input/datasets/maak01/e-nas-datasets/Datasets/BUSI (Breast Ultrasound Image)/benign/benign (142)_mask.png,benign,train,
/kaggle/input/datasets/maak01/e-nas-datasets/Datasets/BUSI (Breast Ultrasound Image)/benign/benign (193).png,/kaggle/input/datasets/maak01/e-nas-datasets/Datasets/BUSI (Breast Ultrasound Image)/benign/benign (193)_mask.png,benign,train,
/kaggle/input/datasets/maak01/e-nas-datasets/Datasets/BUSI (Breast Ultrasound Image)/benign/benign (270).png,/kaggle/input/datasets/maak01/e-nas-datasets/Datasets/BUSI (Breast Ultrasound Image)/benign/benign (270)_mask.png,benign,train,
/kaggle/input/datasets/maak01/e-nas-datasets/Datasets/BUSI (Breast Ultrasound Image)/benign/benign (155).png,/kaggle/input/datasets/maak01/e-nas-datasets/Datasets/BUSI (Breast Ultrasound Image)/benign/benign (155)_mask.png,benign,train,
/kaggle/input/datasets/maak01/e-nas-datasets/Datasets/BUSI (Breast Ultrasound Image)/benign/benign (321).png,/kaggle/input/datasets/maak01/e-nas-datasets/Datasets/BUSI (Breast Ultrasound Image)/benign/benign (321)_mask.png,benign,train,
/kaggle/input/datasets/maak01/e-nas-datasets/Datasets/BUSI (Breast Ultrasound Image)/benign/benign (231).png,/kaggle/input/datasets/maak01/e-nas-datasets/Datasets/BUSI (Breast Ultrasound Image)/benign/benign (231)_mask.png,benign,train,
/kaggle/input/datasets/maak01/e-nas-datasets/Datasets/BUSI (Breast Ultrasound Image)/benign/benign (230).png,/kaggle/input/datasets/maak01/e-nas-datasets/Datasets/BUSI (Breast Ultrasound Image)/benign/benign (230)_mask.png,benign,train,
/kaggle/input/datasets/maak01/e-nas-datasets/Datasets/BUSI (Breast Ultrasound Image)/benign/benign (336).png,/kaggle/input/datasets/maak01/e-nas-datasets/Datasets/BUSI (Breast Ultrasound Image)/benign/benign (336)_mask.png,benign,train,
/kaggle/input/datasets/maak01/e-nas-datasets/Datasets/BUSI (Breast Ultrasound Image)/benign/benign (402).png,/kaggle/input/datasets/maak01/e-nas-datasets/Datasets/BUSI (Breast Ultrasound Image)/benign/benign (402)_mask.png,benign,train,
/kaggle/input/datasets/maak01/e-nas-datasets/Datasets/BUSI (Breast Ultrasound Image)/benign/benign (405).png,/kaggle/input/datasets/maak01/e-nas-datasets/Datasets/BUSI (Breast Ultrasound Image)/benign/benign (405)_mask.png,benign,train,
/kaggle/input/datasets/maak01/e-nas-datasets/Datasets/BUSI (Breast Ultrasound Image)/benign/benign (313).png,/kaggle/input/datasets/maak01/e-nas-datasets/Datasets/BUSI (Breast Ultrasound Image)/benign/benign (313)_mask.png,benign,train,
/kaggle/input/datasets/maak01/e-nas-datasets/Datasets/BUSI (Breast Ultrasound Image)/benign/benign (210).png,/kaggle/input/datasets/maak01/e-nas-datasets/Datasets/BUSI (Breast Ultrasound Image)/benign/benign (210)_mask.png,benign,train,
/kaggle/input/datasets/maak01/e-nas-datasets/Datasets/BUSI (Breast Ultrasound Image)/benign/benign (304).png,/kaggle/input/datasets/maak01/e-nas-datasets/Datasets/BUSI (Breast Ultrasound Image)/benign/benign (304)_mask.png,benign,train,
/kaggle/input/datasets/maak01/e-nas-datasets/Datasets/BUSI (Breast Ultrasound Image)/benign/benign (385).png,/kaggle/input/datasets/maak01/e-nas-datasets/Datasets/BUSI (Breast Ultrasound Image)/benign/benign (385)_mask.png,benign,train,
/kaggle/input/datasets/maak01/e-nas-datasets/Datasets/BUSI (Breast Ultrasound Image)/benign/benign (153).png,/kaggle/input/datasets/maak01/e-nas-datasets/Datasets/BUSI (Breast Ultrasound Image)/benign/benign (153)_mask.png,benign,train,
/kaggle/input/datasets/maak01/e-nas-datasets/Datasets/BUSI (Breast Ultrasound Image)/benign/benign (217).png,/kaggle/input/datasets/maak01/e-nas-datasets/Datasets/BUSI (Breast Ultrasound Image)/benign/benign (217)_mask.png,benign,train,
/kaggle/input/datasets/maak01/e-nas-datasets/Datasets/BUSI (Breast Ultrasound Image)/benign/benign (289).png,/kaggle/input/datasets/maak01/e-nas-datasets/Datasets/BUSI (Breast Ultrasound Image)/benign/benign (289)_mask.png,benign,train,
/kaggle/input/datasets/maak01/e-nas-datasets/Datasets/BUSI (Breast Ultrasound Image)/benign/benign (175).png,/kaggle/input/datasets/maak01/e-nas-datasets/Datasets/BUSI (Breast Ultrasound Image)/benign/benign (175)_mask.png,benign,train,
/kaggle/input/datasets/maak01/e-nas-datasets/Datasets/BUSI (Breast Ultrasound Image)/benign/benign (106).png,/kaggle/input/datasets/maak01/e-nas-datasets/Datasets/BUSI (Breast Ultrasound Image)/benign/benign (106)_mask.png,benign,train,
/kaggle/input/datasets/maak01/e-nas-datasets/Datasets/BUSI (Breast Ultrasound Image)/benign/benign (114).png,/kaggle/input/datasets/maak01/e-nas-datasets/Datasets/BUSI (Breast Ultrasound Image)/benign/benign (114)_mask.png,benign,train,
/kaggle/input/datasets/maak01/e-nas-datasets/Datasets/BUSI (Breast Ultrasound Image)/benign/benign (71).png,/kaggle/input/datasets/maak01/e-nas-datasets/Datasets/BUSI (Breast Ultrasound Image)/benign/benign (71)_mask.png,benign,train,
/kaggle/input/datasets/maak01/e-nas-datasets/Datasets/BUSI (Breast Ultrasound Image)/benign/benign (83).png,/kaggle/input/datasets/maak01/e-nas-datasets/Datasets/BUSI (Breast Ultrasound Image)/benign/benign (83)_mask.png;/kaggle/input/datasets/maak01/e-nas-datasets/Datasets/BUSI (Breast Ultrasound Image)/benign/benign (83)_mask_1.png,benign,train,
/kaggle/input/datasets/maak01/e-nas-datasets/Datasets/BUSI (Breast Ultrasound Image)/benign/benign (391).png,/kaggle/input/datasets/maak01/e-nas-datasets/Datasets/BUSI (Breast Ultrasound Image)/benign/benign (391)_mask.png,benign,train,
/kaggle/input/datasets/maak01/e-nas-datasets/Datasets/BUSI (Breast Ultrasound Image)/benign/benign (416).png,/kaggle/input/datasets/maak01/e-nas-datasets/Datasets/BUSI (Breast Ultrasound Image)/benign/benign (416)_mask.png,benign,train,
/kaggle/input/datasets/maak01/e-nas-datasets/Datasets/BUSI (Breast Ultrasound Image)/benign/benign (115).png,/kaggle/input/datasets/maak01/e-nas-datasets/Datasets/BUSI (Breast Ultrasound Image)/benign/benign (115)_mask.png,benign,train,
/kaggle/input/datasets/maak01/e-nas-datasets/Datasets/BUSI (Breast Ultrasound Image)/benign/benign (351).png,/kaggle/input/datasets/maak01/e-nas-datasets/Datasets/BUSI (Breast Ultrasound Image)/benign/benign (351)_mask.png,benign,train,
/kaggle/input/datasets/maak01/e-nas-datasets/Datasets/BUSI (Breast Ultrasound Image)/benign/benign (69).png,/kaggle/input/datasets/maak01/e-nas-datasets/Datasets/BUSI (Breast Ultrasound Image)/benign/benign (69)_mask.png,benign,train,
/kaggle/input/datasets/maak01/e-nas-datasets/Datasets/BUSI (Breast Ultrasound Image)/benign/benign (379).png,/kaggle/input/datasets/maak01/e-nas-datasets/Datasets/BUSI (Breast Ultrasound Image)/benign/benign (379)_mask.png,benign,train,
/kaggle/input/datasets/maak01/e-nas-datasets/Datasets/BUSI (Breast Ultrasound Image)/benign/benign (36).png,/kaggle/input/datasets/maak01/e-nas-datasets/Datasets/BUSI (Breast Ultrasound Image)/benign/benign (36)_mask.png,benign,train,
/kaggle/input/datasets/maak01/e-nas-datasets/Datasets/BUSI (Breast Ultrasound Image)/benign/benign (226).png,/kaggle/input/datasets/maak01/e-nas-datasets/Datasets/BUSI (Breast Ultrasound Image)/benign/benign (226)_mask.png,benign,train,
/kaggle/input/datasets/maak01/e-nas-datasets/Datasets/BUSI (Breast Ultrasound Image)/benign/benign (355).png,/kaggle/input/datasets/maak01/e-nas-datasets/Datasets/BUSI (Breast Ultrasound Image)/benign/benign (355)_mask.png,benign,train,
/kaggle/input/datasets/maak01/e-nas-datasets/Datasets/BUSI (Breast Ultrasound Image)/benign/benign (41).png,/kaggle/input/datasets/maak01/e-nas-datasets/Datasets/BUSI (Breast Ultrasound Image)/benign/benign (41)_mask.png,benign,train,
/kaggle/input/datasets/maak01/e-nas-datasets/Datasets/BUSI (Breast Ultrasound Image)/benign/benign (177).png,/kaggle/input/datasets/maak01/e-nas-datasets/Datasets/BUSI (Breast Ultrasound Image)/benign/benign (177)_mask.png,benign,train,
/kaggle/input/datasets/maak01/e-nas-datasets/Datasets/BUSI (Breast Ultrasound Image)/benign/benign (412).png,/kaggle/input/datasets/maak01/e-nas-datasets/Datasets/BUSI (Breast Ultrasound Image)/benign/benign (412)_mask.png,benign,train,
/kaggle/input/datasets/maak01/e-nas-datasets/Datasets/BUSI (Breast Ultrasound Image)/benign/benign (337).png,/kaggle/input/datasets/maak01/e-nas-datasets/Datasets/BUSI (Breast Ultrasound Image)/benign/benign (337)_mask.png,benign,train,
/kaggle/input/datasets/maak01/e-nas-datasets/Datasets/BUSI (Breast Ultrasound Image)/benign/benign (46).png,/kaggle/input/datasets/maak01/e-nas-datasets/Datasets/BUSI (Breast Ultrasound Image)/benign/benign (46)_mask.png,benign,train,
/kaggle/input/datasets/maak01/e-nas-datasets/Datasets/BUSI (Breast Ultrasound Image)/benign/benign (126).png,/kaggle/input/datasets/maak01/e-nas-datasets/Datasets/BUSI (Breast Ultrasound Image)/benign/benign (126)_mask.png,benign,train,
/kaggle/input/datasets/maak01/e-nas-datasets/Datasets/BUSI (Breast Ultrasound Image)/benign/benign (202).png,/kaggle/input/datasets/maak01/e-nas-datasets/Datasets/BUSI (Breast Ultrasound Image)/benign/benign (202)_mask.png,benign,train,
/kaggle/input/datasets/maak01/e-nas-datasets/Datasets/BUSI (Breast Ultrasound Image)/benign/benign (218).png,/kaggle/input/datasets/maak01/e-nas-datasets/Datasets/BUSI (Breast Ultrasound Image)/benign/benign (218)_mask.png,benign,train,
/kaggle/input/datasets/maak01/e-nas-datasets/Datasets/BUSI (Breast Ultrasound Image)/benign/benign (376).png,/kaggle/input/datasets/maak01/e-nas-datasets/Datasets/BUSI (Breast Ultrasound Image)/benign/benign (376)_mask.png,benign,train,
/kaggle/input/datasets/maak01/e-nas-datasets/Datasets/BUSI (Breast Ultrasound Image)/benign/benign (185).png,/kaggle/input/datasets/maak01/e-nas-datasets/Datasets/BUSI (Breast Ultrasound Image)/benign/benign (185)_mask.png,benign,train,
/kaggle/input/datasets/maak01/e-nas-datasets/Datasets/BUSI (Breast Ultrasound Image)/benign/benign (40).png,/kaggle/input/datasets/maak01/e-nas-datasets/Datasets/BUSI (Breast Ultrasound Image)/benign/benign (40)_mask.png,benign,train,
/kaggle/input/datasets/maak01/e-nas-datasets/Datasets/BUSI (Breast Ultrasound Image)/benign/benign (253).png,/kaggle/input/datasets/maak01/e-nas-datasets/Datasets/BUSI (Breast Ultrasound Image)/benign/benign (253)_mask.png,benign,train,
/kaggle/input/datasets/maak01/e-nas-datasets/Datasets/BUSI (Breast Ultrasound Image)/benign/benign (191).png,/kaggle/input/datasets/maak01/e-nas-datasets/Datasets/BUSI (Breast Ultrasound Image)/benign/benign (191)_mask.png,benign,train,
/kaggle/input/datasets/maak01/e-nas-datasets/Datasets/BUSI (Breast Ultrasound Image)/benign/benign (60).png,/kaggle/input/datasets/maak01/e-nas-datasets/Datasets/BUSI (Breast Ultrasound Image)/benign/benign (60)_mask.png,benign,train,
/kaggle/input/datasets/maak01/e-nas-datasets/Datasets/BUSI (Breast Ultrasound Image)/benign/benign (263).png,/kaggle/input/datasets/maak01/e-nas-datasets/Datasets/BUSI (Breast Ultrasound Image)/benign/benign (263)_mask.png,benign,train,
/kaggle/input/datasets/maak01/e-nas-datasets/Datasets/BUSI (Breast Ultrasound Image)/benign/benign (430).png,/kaggle/input/datasets/maak01/e-nas-datasets/Datasets/BUSI (Breast Ultrasound Image)/benign/benign (430)_mask.png,benign,train,
/kaggle/input/datasets/maak01/e-nas-datasets/Datasets/BUSI (Breast Ultrasound Image)/benign/benign (52).png,/kaggle/input/datasets/maak01/e-nas-datasets/Datasets/BUSI (Breast Ultrasound Image)/benign/benign (52)_mask.png,benign,train,
/kaggle/input/datasets/maak01/e-nas-datasets/Datasets/BUSI (Breast Ultrasound Image)/benign/benign (419).png,/kaggle/input/datasets/maak01/e-nas-datasets/Datasets/BUSI (Breast Ultrasound Image)/benign/benign (419)_mask.png,benign,train,
/kaggle/input/datasets/maak01/e-nas-datasets/Datasets/BUSI (Breast Ultrasound Image)/benign/benign (91).png,/kaggle/input/datasets/maak01/e-nas-datasets/Datasets/BUSI (Breast Ultrasound Image)/benign/benign (91)_mask.png,benign,train,
/kaggle/input/datasets/maak01/e-nas-datasets/Datasets/BUSI (Breast Ultrasound Image)/benign/benign (428).png,/kaggle/input/datasets/maak01/e-nas-datasets/Datasets/BUSI (Breast Ultrasound Image)/benign/benign (428)_mask.png,benign,train,
/kaggle/input/datasets/maak01/e-nas-datasets/Datasets/BUSI (Breast Ultrasound Image)/benign/benign (312).png,/kaggle/input/datasets/maak01/e-nas-datasets/Datasets/BUSI (Breast Ultrasound Image)/benign/benign (312)_mask.png,benign,train,
/kaggle/input/datasets/maak01/e-nas-datasets/Datasets/BUSI (Breast Ultrasound Image)/benign/benign (382).png,/kaggle/input/datasets/maak01/e-nas-datasets/Datasets/BUSI (Breast Ultrasound Image)/benign/benign (382)_mask.png,benign,train,
/kaggle/input/datasets/maak01/e-nas-datasets/Datasets/BUSI (Breast Ultrasound Image)/benign/benign (390).png,/kaggle/input/datasets/maak01/e-nas-datasets/Datasets/BUSI (Breast Ultrasound Image)/benign/benign (390)_mask.png,benign,train,
/kaggle/input/datasets/maak01/e-nas-datasets/Datasets/BUSI (Breast Ultrasound Image)/benign/benign (239).png,/kaggle/input/datasets/maak01/e-nas-datasets/Datasets/BUSI (Breast Ultrasound Image)/benign/benign (239)_mask.png,benign,train,
/kaggle/input/datasets/maak01/e-nas-datasets/Datasets/BUSI (Breast Ultrasound Image)/benign/benign (30).png,/kaggle/input/datasets/maak01/e-nas-datasets/Datasets/BUSI (Breast Ultrasound Image)/benign/benign (30)_mask.png,benign,train,
/kaggle/input/datasets/maak01/e-nas-datasets/Datasets/BUSI (Breast Ultrasound Image)/benign/benign (386).png,/kaggle/input/datasets/maak01/e-nas-datasets/Datasets/BUSI (Breast Ultrasound Image)/benign/benign (386)_mask.png,benign,train,
/kaggle/input/datasets/maak01/e-nas-datasets/Datasets/BUSI (Breast Ultrasound Image)/benign/benign (16).png,/kaggle/input/datasets/maak01/e-nas-datasets/Datasets/BUSI (Breast Ultrasound Image)/benign/benign (16)_mask.png,benign,train,
/kaggle/input/datasets/maak01/e-nas-datasets/Datasets/BUSI (Breast Ultrasound Image)/benign/benign (137).png,/kaggle/input/datasets/maak01/e-nas-datasets/Datasets/BUSI (Breast Ultrasound Image)/benign/benign (137)_mask.png,benign,train,
/kaggle/input/datasets/maak01/e-nas-datasets/Datasets/BUSI (Breast Ultrasound Image)/benign/benign (95).png,/kaggle/input/datasets/maak01/e-nas-datasets/Datasets/BUSI (Breast Ultrasound Image)/benign/benign (95)_mask.png,benign,train,
/kaggle/input/datasets/maak01/e-nas-datasets/Datasets/BUSI (Breast Ultrasound Image)/benign/benign (317).png,/kaggle/input/datasets/maak01/e-nas-datasets/Datasets/BUSI (Breast Ultrasound Image)/benign/benign (317)_mask.png,benign,train,
/kaggle/input/datasets/maak01/e-nas-datasets/Datasets/BUSI (Breast Ultrasound Image)/benign/benign (208).png,/kaggle/input/datasets/maak01/e-nas-datasets/Datasets/BUSI (Breast Ultrasound Image)/benign/benign (208)_mask.png,benign,train,
/kaggle/input/datasets/maak01/e-nas-datasets/Datasets/BUSI (Breast Ultrasound Image)/benign/benign (250).png,/kaggle/input/datasets/maak01/e-nas-datasets/Datasets/BUSI (Breast Ultrasound Image)/benign/benign (250)_mask.png,benign,train,
/kaggle/input/datasets/maak01/e-nas-datasets/Datasets/BUSI (Breast Ultrasound Image)/benign/benign (328).png,/kaggle/input/datasets/maak01/e-nas-datasets/Datasets/BUSI (Breast Ultrasound Image)/benign/benign (328)_mask.png,benign,train,
/kaggle/input/datasets/maak01/e-nas-datasets/Datasets/BUSI (Breast Ultrasound Image)/benign/benign (367).png,/kaggle/input/datasets/maak01/e-nas-datasets/Datasets/BUSI (Breast Ultrasound Image)/benign/benign (367)_mask.png,benign,train,
/kaggle/input/datasets/maak01/e-nas-datasets/Datasets/BUSI (Breast Ultrasound Image)/benign/benign (276).png,/kaggle/input/datasets/maak01/e-nas-datasets/Datasets/BUSI (Breast Ultrasound Image)/benign/benign (276)_mask.png,benign,train,
/kaggle/input/datasets/maak01/e-nas-datasets/Datasets/BUSI (Breast Ultrasound Image)/benign/benign (383).png,/kaggle/input/datasets/maak01/e-nas-datasets/Datasets/BUSI (Breast Ultrasound Image)/benign/benign (383)_mask.png,benign,train,
/kaggle/input/datasets/maak01/e-nas-datasets/Datasets/BUSI (Breast Ultrasound Image)/benign/benign (404).png,/kaggle/input/datasets/maak01/e-nas-datasets/Datasets/BUSI (Breast Ultrasound Image)/benign/benign (404)_mask.png,benign,train,
/kaggle/input/datasets/maak01/e-nas-datasets/Datasets/BUSI (Breast Ultrasound Image)/benign/benign (339).png,/kaggle/input/datasets/maak01/e-nas-datasets/Datasets/BUSI (Breast Ultrasound Image)/benign/benign (339)_mask.png,benign,train,
/kaggle/input/datasets/maak01/e-nas-datasets/Datasets/BUSI (Breast Ultrasound Image)/benign/benign (43).png,/kaggle/input/datasets/maak01/e-nas-datasets/Datasets/BUSI (Breast Ultrasound Image)/benign/benign (43)_mask.png,benign,train,
/kaggle/input/datasets/maak01/e-nas-datasets/Datasets/BUSI (Breast Ultrasound Image)/benign/benign (322).png,/kaggle/input/datasets/maak01/e-nas-datasets/Datasets/BUSI (Breast Ultrasound Image)/benign/benign (322)_mask.png,benign,train,
/kaggle/input/datasets/maak01/e-nas-datasets/Datasets/BUSI (Breast Ultrasound Image)/benign/benign (138).png,/kaggle/input/datasets/maak01/e-nas-datasets/Datasets/BUSI (Breast Ultrasound Image)/benign/benign (138)_mask.png,benign,train,
/kaggle/input/datasets/maak01/e-nas-datasets/Datasets/BUSI (Breast Ultrasound Image)/benign/benign (425).png,/kaggle/input/datasets/maak01/e-nas-datasets/Datasets/BUSI (Breast Ultrasound Image)/benign/benign (425)_mask.png,benign,train,
/kaggle/input/datasets/maak01/e-nas-datasets/Datasets/BUSI (Breast Ultrasound Image)/benign/benign (21).png,/kaggle/input/datasets/maak01/e-nas-datasets/Datasets/BUSI (Breast Ultrasound Image)/benign/benign (21)_mask.png,benign,train,
/kaggle/input/datasets/maak01/e-nas-datasets/Datasets/BUSI (Breast Ultrasound Image)/benign/benign (125).png,/kaggle/input/datasets/maak01/e-nas-datasets/Datasets/BUSI (Breast Ultrasound Image)/benign/benign (125)_mask.png,benign,train,
/kaggle/input/datasets/maak01/e-nas-datasets/Datasets/BUSI (Breast Ultrasound Image)/benign/benign (209).png,/kaggle/input/datasets/maak01/e-nas-datasets/Datasets/BUSI (Breast Ultrasound Image)/benign/benign (209)_mask.png,benign,train,
/kaggle/input/datasets/maak01/e-nas-datasets/Datasets/BUSI (Breast Ultrasound Image)/benign/benign (240).png,/kaggle/input/datasets/maak01/e-nas-datasets/Datasets/BUSI (Breast Ultrasound Image)/benign/benign (240)_mask.png,benign,train,
/kaggle/input/datasets/maak01/e-nas-datasets/Datasets/BUSI (Breast Ultrasound Image)/benign/benign (79).png,/kaggle/input/datasets/maak01/e-nas-datasets/Datasets/BUSI (Breast Ultrasound Image)/benign/benign (79)_mask.png,benign,train,
/kaggle/input/datasets/maak01/e-nas-datasets/Datasets/BUSI (Breast Ultrasound Image)/benign/benign (401).png,/kaggle/input/datasets/maak01/e-nas-datasets/Datasets/BUSI (Breast Ultrasound Image)/benign/benign (401)_mask.png,benign,train,
/kaggle/input/datasets/maak01/e-nas-datasets/Datasets/BUSI (Breast Ultrasound Image)/benign/benign (107).png,/kaggle/input/datasets/maak01/e-nas-datasets/Datasets/BUSI (Breast Ultrasound Image)/benign/benign (107)_mask.png,benign,train,
/kaggle/input/datasets/maak01/e-nas-datasets/Datasets/BUSI (Breast Ultrasound Image)/benign/benign (324).png,/kaggle/input/datasets/maak01/e-nas-datasets/Datasets/BUSI (Breast Ultrasound Image)/benign/benign (324)_mask.png,benign,train,
/kaggle/input/datasets/maak01/e-nas-datasets/Datasets/BUSI (Breast Ultrasound Image)/benign/benign (248).png,/kaggle/input/datasets/maak01/e-nas-datasets/Datasets/BUSI (Breast Ultrasound Image)/benign/benign (248)_mask.png,benign,train,
/kaggle/input/datasets/maak01/e-nas-datasets/Datasets/BUSI (Breast Ultrasound Image)/benign/benign (1).png,/kaggle/input/datasets/maak01/e-nas-datasets/Datasets/BUSI (Breast Ultrasound Image)/benign/benign (1)_mask.png,benign,train,
/kaggle/input/datasets/maak01/e-nas-datasets/Datasets/BUSI (Breast Ultrasound Image)/benign/benign (173).png,/kaggle/input/datasets/maak01/e-nas-datasets/Datasets/BUSI (Breast Ultrasound Image)/benign/benign (173)_mask.png;/kaggle/input/datasets/maak01/e-nas-datasets/Datasets/BUSI (Breast Ultrasound Image)/benign/benign (173)_mask_1.png,benign,train,
/kaggle/input/datasets/maak01/e-nas-datasets/Datasets/BUSI (Breast Ultrasound Image)/benign/benign (271).png,/kaggle/input/datasets/maak01/e-nas-datasets/Datasets/BUSI (Breast Ultrasound Image)/benign/benign (271)_mask.png,benign,train,
/kaggle/input/datasets/maak01/e-nas-datasets/Datasets/BUSI (Breast Ultrasound Image)/benign/benign (37).png,/kaggle/input/datasets/maak01/e-nas-datasets/Datasets/BUSI (Breast Ultrasound Image)/benign/benign (37)_mask.png,benign,train,
/kaggle/input/datasets/maak01/e-nas-datasets/Datasets/BUSI (Breast Ultrasound Image)/benign/benign (76).png,/kaggle/input/datasets/maak01/e-nas-datasets/Datasets/BUSI (Breast Ultrasound Image)/benign/benign (76)_mask.png,benign,train,
/kaggle/input/datasets/maak01/e-nas-datasets/Datasets/BUSI (Breast Ultrasound Image)/benign/benign (348).png,/kaggle/input/datasets/maak01/e-nas-datasets/Datasets/BUSI (Breast Ultrasound Image)/benign/benign (348)_mask.png,benign,train,
/kaggle/input/datasets/maak01/e-nas-datasets/Datasets/BUSI (Breast Ultrasound Image)/benign/benign (236).png,/kaggle/input/datasets/maak01/e-nas-datasets/Datasets/BUSI (Breast Ultrasound Image)/benign/benign (236)_mask.png,benign,train,
/kaggle/input/datasets/maak01/e-nas-datasets/Datasets/BUSI (Breast Ultrasound Image)/benign/benign (148).png,/kaggle/input/datasets/maak01/e-nas-datasets/Datasets/BUSI (Breast Ultrasound Image)/benign/benign (148)_mask.png,benign,train,
/kaggle/input/datasets/maak01/e-nas-datasets/Datasets/BUSI (Breast Ultrasound Image)/benign/benign (332).png,/kaggle/input/datasets/maak01/e-nas-datasets/Datasets/BUSI (Breast Ultrasound Image)/benign/benign (332)_mask.png,benign,train,
/kaggle/input/datasets/maak01/e-nas-datasets/Datasets/BUSI (Breast Ultrasound Image)/benign/benign (181).png,/kaggle/input/datasets/maak01/e-nas-datasets/Datasets/BUSI (Breast Ultrasound Image)/benign/benign (181)_mask.png;/kaggle/input/datasets/maak01/e-nas-datasets/Datasets/BUSI (Breast Ultrasound Image)/benign/benign (181)_mask_1.png,benign,train,
/kaggle/input/datasets/maak01/e-nas-datasets/Datasets/BUSI (Breast Ultrasound Image)/benign/benign (33).png,/kaggle/input/datasets/maak01/e-nas-datasets/Datasets/BUSI (Breast Ultrasound Image)/benign/benign (33)_mask.png,benign,train,
/kaggle/input/datasets/maak01/e-nas-datasets/Datasets/BUSI (Breast Ultrasound Image)/benign/benign (381).png,/kaggle/input/datasets/maak01/e-nas-datasets/Datasets/BUSI (Breast Ultrasound Image)/benign/benign (381)_mask.png,benign,train,
/kaggle/input/datasets/maak01/e-nas-datasets/Datasets/BUSI (Breast Ultrasound Image)/benign/benign (10).png,/kaggle/input/datasets/maak01/e-nas-datasets/Datasets/BUSI (Breast Ultrasound Image)/benign/benign (10)_mask.png,benign,train,
/kaggle/input/datasets/maak01/e-nas-datasets/Datasets/BUSI (Breast Ultrasound Image)/benign/benign (64).png,/kaggle/input/datasets/maak01/e-nas-datasets/Datasets/BUSI (Breast Ultrasound Image)/benign/benign (64)_mask.png,benign,train,
/kaggle/input/datasets/maak01/e-nas-datasets/Datasets/BUSI (Breast Ultrasound Image)/benign/benign (171).png,/kaggle/input/datasets/maak01/e-nas-datasets/Datasets/BUSI (Breast Ultrasound Image)/benign/benign (171)_mask.png,benign,train,
/kaggle/input/datasets/maak01/e-nas-datasets/Datasets/BUSI (Breast Ultrasound Image)/benign/benign (3).png,/kaggle/input/datasets/maak01/e-nas-datasets/Datasets/BUSI (Breast Ultrasound Image)/benign/benign (3)_mask.png,benign,train,
/kaggle/input/datasets/maak01/e-nas-datasets/Datasets/BUSI (Breast Ultrasound Image)/benign/benign (436).png,/kaggle/input/datasets/maak01/e-nas-datasets/Datasets/BUSI (Breast Ultrasound Image)/benign/benign (436)_mask.png,benign,train,
/kaggle/input/datasets/maak01/e-nas-datasets/Datasets/BUSI (Breast Ultrasound Image)/benign/benign (98).png,/kaggle/input/datasets/maak01/e-nas-datasets/Datasets/BUSI (Breast Ultrasound Image)/benign/benign (98)_mask.png;/kaggle/input/datasets/maak01/e-nas-datasets/Datasets/BUSI (Breast Ultrasound Image)/benign/benign (98)_mask_1.png,benign,train,
/kaggle/input/datasets/maak01/e-nas-datasets/Datasets/BUSI (Breast Ultrasound Image)/benign/benign (62).png,/kaggle/input/datasets/maak01/e-nas-datasets/Datasets/BUSI (Breast Ultrasound Image)/benign/benign (62)_mask.png,benign,train,
/kaggle/input/datasets/maak01/e-nas-datasets/Datasets/BUSI (Breast Ultrasound Image)/benign/benign (413).png,/kaggle/input/datasets/maak01/e-nas-datasets/Datasets/BUSI (Breast Ultrasound Image)/benign/benign (413)_mask.png,benign,train,
/kaggle/input/datasets/maak01/e-nas-datasets/Datasets/BUSI (Breast Ultrasound Image)/benign/benign (89).png,/kaggle/input/datasets/maak01/e-nas-datasets/Datasets/BUSI (Breast Ultrasound Image)/benign/benign (89)_mask.png,benign,train,
/kaggle/input/datasets/maak01/e-nas-datasets/Datasets/BUSI (Breast Ultrasound Image)/benign/benign (151).png,/kaggle/input/datasets/maak01/e-nas-datasets/Datasets/BUSI (Breast Ultrasound Image)/benign/benign (151)_mask.png,benign,train,
/kaggle/input/datasets/maak01/e-nas-datasets/Datasets/BUSI (Breast Ultrasound Image)/benign/benign (103).png,/kaggle/input/datasets/maak01/e-nas-datasets/Datasets/BUSI (Breast Ultrasound Image)/benign/benign (103)_mask.png,benign,train,
/kaggle/input/datasets/maak01/e-nas-datasets/Datasets/BUSI (Breast Ultrasound Image)/benign/benign (354).png,/kaggle/input/datasets/maak01/e-nas-datasets/Datasets/BUSI (Breast Ultrasound Image)/benign/benign (354)_mask.png,benign,train,
/kaggle/input/datasets/maak01/e-nas-datasets/Datasets/BUSI (Breast Ultrasound Image)/benign/benign (214).png,/kaggle/input/datasets/maak01/e-nas-datasets/Datasets/BUSI (Breast Ultrasound Image)/benign/benign (214)_mask.png,benign,train,
/kaggle/input/datasets/maak01/e-nas-datasets/Datasets/BUSI (Breast Ultrasound Image)/benign/benign (342).png,/kaggle/input/datasets/maak01/e-nas-datasets/Datasets/BUSI (Breast Ultrasound Image)/benign/benign (342)_mask.png,benign,train,
/kaggle/input/datasets/maak01/e-nas-datasets/Datasets/BUSI (Breast Ultrasound Image)/benign/benign (314).png,/kaggle/input/datasets/maak01/e-nas-datasets/Datasets/BUSI (Breast Ultrasound Image)/benign/benign (314)_mask.png,benign,train,
/kaggle/input/datasets/maak01/e-nas-datasets/Datasets/BUSI (Breast Ultrasound Image)/benign/benign (275).png,/kaggle/input/datasets/maak01/e-nas-datasets/Datasets/BUSI (Breast Ultrasound Image)/benign/benign (275)_mask.png,benign,train,
/kaggle/input/datasets/maak01/e-nas-datasets/Datasets/BUSI (Breast Ultrasound Image)/benign/benign (277).png,/kaggle/input/datasets/maak01/e-nas-datasets/Datasets/BUSI (Breast Ultrasound Image)/benign/benign (277)_mask.png,benign,train,
/kaggle/input/datasets/maak01/e-nas-datasets/Datasets/BUSI (Breast Ultrasound Image)/benign/benign (128).png,/kaggle/input/datasets/maak01/e-nas-datasets/Datasets/BUSI (Breast Ultrasound Image)/benign/benign (128)_mask.png,benign,train,
/kaggle/input/datasets/maak01/e-nas-datasets/Datasets/BUSI (Breast Ultrasound Image)/benign/benign (63).png,/kaggle/input/datasets/maak01/e-nas-datasets/Datasets/BUSI (Breast Ultrasound Image)/benign/benign (63)_mask.png,benign,train,
/kaggle/input/datasets/maak01/e-nas-datasets/Datasets/BUSI (Breast Ultrasound Image)/benign/benign (65).png,/kaggle/input/datasets/maak01/e-nas-datasets/Datasets/BUSI (Breast Ultrasound Image)/benign/benign (65)_mask.png,benign,train,
/kaggle/input/datasets/maak01/e-nas-datasets/Datasets/BUSI (Breast Ultrasound Image)/benign/benign (17).png,/kaggle/input/datasets/maak01/e-nas-datasets/Datasets/BUSI (Breast Ultrasound Image)/benign/benign (17)_mask.png,benign,train,
/kaggle/input/datasets/maak01/e-nas-datasets/Datasets/BUSI (Breast Ultrasound Image)/benign/benign (15).png,/kaggle/input/datasets/maak01/e-nas-datasets/Datasets/BUSI (Breast Ultrasound Image)/benign/benign (15)_mask.png,benign,train,
/kaggle/input/datasets/maak01/e-nas-datasets/Datasets/BUSI (Breast Ultrasound Image)/benign/benign (120).png,/kaggle/input/datasets/maak01/e-nas-datasets/Datasets/BUSI (Breast Ultrasound Image)/benign/benign (120)_mask.png,benign,train,
/kaggle/input/datasets/maak01/e-nas-datasets/Datasets/BUSI (Breast Ultrasound Image)/benign/benign (140).png,/kaggle/input/datasets/maak01/e-nas-datasets/Datasets/BUSI (Breast Ultrasound Image)/benign/benign (140)_mask.png,benign,train,
/kaggle/input/datasets/maak01/e-nas-datasets/Datasets/BUSI (Breast Ultrasound Image)/benign/benign (326).png,/kaggle/input/datasets/maak01/e-nas-datasets/Datasets/BUSI (Breast Ultrasound Image)/benign/benign (326)_mask.png,benign,train,
/kaggle/input/datasets/maak01/e-nas-datasets/Datasets/BUSI (Breast Ultrasound Image)/benign/benign (333).png,/kaggle/input/datasets/maak01/e-nas-datasets/Datasets/BUSI (Breast Ultrasound Image)/benign/benign (333)_mask.png,benign,train,
/kaggle/input/datasets/maak01/e-nas-datasets/Datasets/BUSI (Breast Ultrasound Image)/benign/benign (162).png,/kaggle/input/datasets/maak01/e-nas-datasets/Datasets/BUSI (Breast Ultrasound Image)/benign/benign (162)_mask.png,benign,val,
/kaggle/input/datasets/maak01/e-nas-datasets/Datasets/BUSI (Breast Ultrasound Image)/benign/benign (400).png,/kaggle/input/datasets/maak01/e-nas-datasets/Datasets/BUSI (Breast Ultrasound Image)/benign/benign (400)_mask.png,benign,val,
/kaggle/input/datasets/maak01/e-nas-datasets/Datasets/BUSI (Breast Ultrasound Image)/benign/benign (433).png,/kaggle/input/datasets/maak01/e-nas-datasets/Datasets/BUSI (Breast Ultrasound Image)/benign/benign (433)_mask.png,benign,val,
/kaggle/input/datasets/maak01/e-nas-datasets/Datasets/BUSI (Breast Ultrasound Image)/benign/benign (283).png,/kaggle/input/datasets/maak01/e-nas-datasets/Datasets/BUSI (Breast Ultrasound Image)/benign/benign (283)_mask.png,benign,val,
/kaggle/input/datasets/maak01/e-nas-datasets/Datasets/BUSI (Breast Ultrasound Image)/benign/benign (368).png,/kaggle/input/datasets/maak01/e-nas-datasets/Datasets/BUSI (Breast Ultrasound Image)/benign/benign (368)_mask.png,benign,val,
/kaggle/input/datasets/maak01/e-nas-datasets/Datasets/BUSI (Breast Ultrasound Image)/benign/benign (297).png,/kaggle/input/datasets/maak01/e-nas-datasets/Datasets/BUSI (Breast Ultrasound Image)/benign/benign (297)_mask.png,benign,val,
/kaggle/input/datasets/maak01/e-nas-datasets/Datasets/BUSI (Breast Ultrasound Image)/benign/benign (369).png,/kaggle/input/datasets/maak01/e-nas-datasets/Datasets/BUSI (Breast Ultrasound Image)/benign/benign (369)_mask.png,benign,val,
/kaggle/input/datasets/maak01/e-nas-datasets/Datasets/BUSI (Breast Ultrasound Image)/benign/benign (22).png,/kaggle/input/datasets/maak01/e-nas-datasets/Datasets/BUSI (Breast Ultrasound Image)/benign/benign (22)_mask.png,benign,val,
/kaggle/input/datasets/maak01/e-nas-datasets/Datasets/BUSI (Breast Ultrasound Image)/benign/benign (347).png,/kaggle/input/datasets/maak01/e-nas-datasets/Datasets/BUSI (Breast Ultrasound Image)/benign/benign (347)_mask.png,benign,val,
/kaggle/input/datasets/maak01/e-nas-datasets/Datasets/BUSI (Breast Ultrasound Image)/benign/benign (77).png,/kaggle/input/datasets/maak01/e-nas-datasets/Datasets/BUSI (Breast Ultrasound Image)/benign/benign (77)_mask.png,benign,val,
/kaggle/input/datasets/maak01/e-nas-datasets/Datasets/BUSI (Breast Ultrasound Image)/benign/benign (212).png,/kaggle/input/datasets/maak01/e-nas-datasets/Datasets/BUSI (Breast Ultrasound Image)/benign/benign (212)_mask.png,benign,val,
/kaggle/input/datasets/maak01/e-nas-datasets/Datasets/BUSI (Breast Ultrasound Image)/benign/benign (92).png,/kaggle/input/datasets/maak01/e-nas-datasets/Datasets/BUSI (Breast Ultrasound Image)/benign/benign (92)_mask.png;/kaggle/input/datasets/maak01/e-nas-datasets/Datasets/BUSI (Breast Ultrasound Image)/benign/benign (92)_mask_1.png,benign,val,
/kaggle/input/datasets/maak01/e-nas-datasets/Datasets/BUSI (Breast Ultrasound Image)/benign/benign (50).png,/kaggle/input/datasets/maak01/e-nas-datasets/Datasets/BUSI (Breast Ultrasound Image)/benign/benign (50)_mask.png,benign,val,
/kaggle/input/datasets/maak01/e-nas-datasets/Datasets/BUSI (Breast Ultrasound Image)/benign/benign (165).png,/kaggle/input/datasets/maak01/e-nas-datasets/Datasets/BUSI (Breast Ultrasound Image)/benign/benign (165)_mask.png,benign,val,
/kaggle/input/datasets/maak01/e-nas-datasets/Datasets/BUSI (Breast Ultrasound Image)/benign/benign (31).png,/kaggle/input/datasets/maak01/e-nas-datasets/Datasets/BUSI (Breast Ultrasound Image)/benign/benign (31)_mask.png,benign,val,
/kaggle/input/datasets/maak01/e-nas-datasets/Datasets/BUSI (Breast Ultrasound Image)/benign/benign (281).png,/kaggle/input/datasets/maak01/e-nas-datasets/Datasets/BUSI (Breast Ultrasound Image)/benign/benign (281)_mask.png,benign,val,
/kaggle/input/datasets/maak01/e-nas-datasets/Datasets/BUSI (Breast Ultrasound Image)/benign/benign (329).png,/kaggle/input/datasets/maak01/e-nas-datasets/Datasets/BUSI (Breast Ultrasound Image)/benign/benign (329)_mask.png,benign,val,
/kaggle/input/datasets/maak01/e-nas-datasets/Datasets/BUSI (Breast Ultrasound Image)/benign/benign (393).png,/kaggle/input/datasets/maak01/e-nas-datasets/Datasets/BUSI (Breast Ultrasound Image)/benign/benign (393)_mask.png,benign,val,
/kaggle/input/datasets/maak01/e-nas-datasets/Datasets/BUSI (Breast Ultrasound Image)/benign/benign (397).png,/kaggle/input/datasets/maak01/e-nas-datasets/Datasets/BUSI (Breast Ultrasound Image)/benign/benign (397)_mask.png,benign,val,
/kaggle/input/datasets/maak01/e-nas-datasets/Datasets/BUSI (Breast Ultrasound Image)/benign/benign (360).png,/kaggle/input/datasets/maak01/e-nas-datasets/Datasets/BUSI (Breast Ultrasound Image)/benign/benign (360)_mask.png,benign,val,
/kaggle/input/datasets/maak01/e-nas-datasets/Datasets/BUSI (Breast Ultrasound Image)/benign/benign (197).png,/kaggle/input/datasets/maak01/e-nas-datasets/Datasets/BUSI (Breast Ultrasound Image)/benign/benign (197)_mask.png,benign,val,
/kaggle/input/datasets/maak01/e-nas-datasets/Datasets/BUSI (Breast Ultrasound Image)/benign/benign (129).png,/kaggle/input/datasets/maak01/e-nas-datasets/Datasets/BUSI (Breast Ultrasound Image)/benign/benign (129)_mask.png,benign,val,
/kaggle/input/datasets/maak01/e-nas-datasets/Datasets/BUSI (Breast Ultrasound Image)/benign/benign (222).png,/kaggle/input/datasets/maak01/e-nas-datasets/Datasets/BUSI (Breast Ultrasound Image)/benign/benign (222)_mask.png,benign,val,
/kaggle/input/datasets/maak01/e-nas-datasets/Datasets/BUSI (Breast Ultrasound Image)/benign/benign (284).png,/kaggle/input/datasets/maak01/e-nas-datasets/Datasets/BUSI (Breast Ultrasound Image)/benign/benign (284)_mask.png,benign,val,
/kaggle/input/datasets/maak01/e-nas-datasets/Datasets/BUSI (Breast Ultrasound Image)/benign/benign (244).png,/kaggle/input/datasets/maak01/e-nas-datasets/Datasets/BUSI (Breast Ultrasound Image)/benign/benign (244)_mask.png,benign,val,
/kaggle/input/datasets/maak01/e-nas-datasets/Datasets/BUSI (Breast Ultrasound Image)/benign/benign (84).png,/kaggle/input/datasets/maak01/e-nas-datasets/Datasets/BUSI (Breast Ultrasound Image)/benign/benign (84)_mask.png,benign,val,
/kaggle/input/datasets/maak01/e-nas-datasets/Datasets/BUSI (Breast Ultrasound Image)/benign/benign (204).png,/kaggle/input/datasets/maak01/e-nas-datasets/Datasets/BUSI (Breast Ultrasound Image)/benign/benign (204)_mask.png,benign,val,
/kaggle/input/datasets/maak01/e-nas-datasets/Datasets/BUSI (Breast Ultrasound Image)/benign/benign (124).png,/kaggle/input/datasets/maak01/e-nas-datasets/Datasets/BUSI (Breast Ultrasound Image)/benign/benign (124)_mask.png,benign,val,
/kaggle/input/datasets/maak01/e-nas-datasets/Datasets/BUSI (Breast Ultrasound Image)/benign/benign (249).png,/kaggle/input/datasets/maak01/e-nas-datasets/Datasets/BUSI (Breast Ultrasound Image)/benign/benign (249)_mask.png,benign,val,
/kaggle/input/datasets/maak01/e-nas-datasets/Datasets/BUSI (Breast Ultrasound Image)/benign/benign (70).png,/kaggle/input/datasets/maak01/e-nas-datasets/Datasets/BUSI (Breast Ultrasound Image)/benign/benign (70)_mask.png,benign,val,
/kaggle/input/datasets/maak01/e-nas-datasets/Datasets/BUSI (Breast Ultrasound Image)/benign/benign (356).png,/kaggle/input/datasets/maak01/e-nas-datasets/Datasets/BUSI (Breast Ultrasound Image)/benign/benign (356)_mask.png,benign,val,
/kaggle/input/datasets/maak01/e-nas-datasets/Datasets/BUSI (Breast Ultrasound Image)/benign/benign (99).png,/kaggle/input/datasets/maak01/e-nas-datasets/Datasets/BUSI (Breast Ultrasound Image)/benign/benign (99)_mask.png,benign,val,
/kaggle/input/datasets/maak01/e-nas-datasets/Datasets/BUSI (Breast Ultrasound Image)/benign/benign (223).png,/kaggle/input/datasets/maak01/e-nas-datasets/Datasets/BUSI (Breast Ultrasound Image)/benign/benign (223)_mask.png,benign,val,
/kaggle/input/datasets/maak01/e-nas-datasets/Datasets/BUSI (Breast Ultrasound Image)/benign/benign (73).png,/kaggle/input/datasets/maak01/e-nas-datasets/Datasets/BUSI (Breast Ultrasound Image)/benign/benign (73)_mask.png,benign,val,
/kaggle/input/datasets/maak01/e-nas-datasets/Datasets/BUSI (Breast Ultrasound Image)/benign/benign (311).png,/kaggle/input/datasets/maak01/e-nas-datasets/Datasets/BUSI (Breast Ultrasound Image)/benign/benign (311)_mask.png,benign,val,
/kaggle/input/datasets/maak01/e-nas-datasets/Datasets/BUSI (Breast Ultrasound Image)/benign/benign (418).png,/kaggle/input/datasets/maak01/e-nas-datasets/Datasets/BUSI (Breast Ultrasound Image)/benign/benign (418)_mask.png,benign,val,
/kaggle/input/datasets/maak01/e-nas-datasets/Datasets/BUSI (Breast Ultrasound Image)/benign/benign (94).png,/kaggle/input/datasets/maak01/e-nas-datasets/Datasets/BUSI (Breast Ultrasound Image)/benign/benign (94)_mask.png,benign,val,
/kaggle/input/datasets/maak01/e-nas-datasets/Datasets/BUSI (Breast Ultrasound Image)/benign/benign (345).png,/kaggle/input/datasets/maak01/e-nas-datasets/Datasets/BUSI (Breast Ultrasound Image)/benign/benign (345)_mask.png,benign,val,
/kaggle/input/datasets/maak01/e-nas-datasets/Datasets/BUSI (Breast Ultrasound Image)/benign/benign (178).png,/kaggle/input/datasets/maak01/e-nas-datasets/Datasets/BUSI (Breast Ultrasound Image)/benign/benign (178)_mask.png,benign,val,
/kaggle/input/datasets/maak01/e-nas-datasets/Datasets/BUSI (Breast Ultrasound Image)/benign/benign (42).png,/kaggle/input/datasets/maak01/e-nas-datasets/Datasets/BUSI (Breast Ultrasound Image)/benign/benign (42)_mask.png,benign,val,
/kaggle/input/datasets/maak01/e-nas-datasets/Datasets/BUSI (Breast Ultrasound Image)/benign/benign (38).png,/kaggle/input/datasets/maak01/e-nas-datasets/Datasets/BUSI (Breast Ultrasound Image)/benign/benign (38)_mask.png,benign,val,
/kaggle/input/datasets/maak01/e-nas-datasets/Datasets/BUSI (Breast Ultrasound Image)/benign/benign (131).png,/kaggle/input/datasets/maak01/e-nas-datasets/Datasets/BUSI (Breast Ultrasound Image)/benign/benign (131)_mask.png,benign,val,
/kaggle/input/datasets/maak01/e-nas-datasets/Datasets/BUSI (Breast Ultrasound Image)/benign/benign (398).png,/kaggle/input/datasets/maak01/e-nas-datasets/Datasets/BUSI (Breast Ultrasound Image)/benign/benign (398)_mask.png,benign,val,
/kaggle/input/datasets/maak01/e-nas-datasets/Datasets/BUSI (Breast Ultrasound Image)/benign/benign (221).png,/kaggle/input/datasets/maak01/e-nas-datasets/Datasets/BUSI (Breast Ultrasound Image)/benign/benign (221)_mask.png,benign,val,
/kaggle/input/datasets/maak01/e-nas-datasets/Datasets/BUSI (Breast Ultrasound Image)/benign/benign (408).png,/kaggle/input/datasets/maak01/e-nas-datasets/Datasets/BUSI (Breast Ultrasound Image)/benign/benign (408)_mask.png,benign,val,
/kaggle/input/datasets/maak01/e-nas-datasets/Datasets/BUSI (Breast Ultrasound Image)/benign/benign (196).png,/kaggle/input/datasets/maak01/e-nas-datasets/Datasets/BUSI (Breast Ultrasound Image)/benign/benign (196)_mask.png,benign,val,
/kaggle/input/datasets/maak01/e-nas-datasets/Datasets/BUSI (Breast Ultrasound Image)/benign/benign (262).png,/kaggle/input/datasets/maak01/e-nas-datasets/Datasets/BUSI (Breast Ultrasound Image)/benign/benign (262)_mask.png,benign,val,
/kaggle/input/datasets/maak01/e-nas-datasets/Datasets/BUSI (Breast Ultrasound Image)/benign/benign (27).png,/kaggle/input/datasets/maak01/e-nas-datasets/Datasets/BUSI (Breast Ultrasound Image)/benign/benign (27)_mask.png,benign,val,
/kaggle/input/datasets/maak01/e-nas-datasets/Datasets/BUSI (Breast Ultrasound Image)/benign/benign (174).png,/kaggle/input/datasets/maak01/e-nas-datasets/Datasets/BUSI (Breast Ultrasound Image)/benign/benign (174)_mask.png,benign,val,
/kaggle/input/datasets/maak01/e-nas-datasets/Datasets/BUSI (Breast Ultrasound Image)/benign/benign (267).png,/kaggle/input/datasets/maak01/e-nas-datasets/Datasets/BUSI (Breast Ultrasound Image)/benign/benign (267)_mask.png,benign,val,
/kaggle/input/datasets/maak01/e-nas-datasets/Datasets/BUSI (Breast Ultrasound Image)/benign/benign (392).png,/kaggle/input/datasets/maak01/e-nas-datasets/Datasets/BUSI (Breast Ultrasound Image)/benign/benign (392)_mask.png,benign,val,
/kaggle/input/datasets/maak01/e-nas-datasets/Datasets/BUSI (Breast Ultrasound Image)/benign/benign (308).png,/kaggle/input/datasets/maak01/e-nas-datasets/Datasets/BUSI (Breast Ultrasound Image)/benign/benign (308)_mask.png,benign,val,
/kaggle/input/datasets/maak01/e-nas-datasets/Datasets/BUSI (Breast Ultrasound Image)/benign/benign (61).png,/kaggle/input/datasets/maak01/e-nas-datasets/Datasets/BUSI (Breast Ultrasound Image)/benign/benign (61)_mask.png,benign,val,
/kaggle/input/datasets/maak01/e-nas-datasets/Datasets/BUSI (Breast Ultrasound Image)/benign/benign (66).png,/kaggle/input/datasets/maak01/e-nas-datasets/Datasets/BUSI (Breast Ultrasound Image)/benign/benign (66)_mask.png,benign,val,
/kaggle/input/datasets/maak01/e-nas-datasets/Datasets/BUSI (Breast Ultrasound Image)/benign/benign (145).png,/kaggle/input/datasets/maak01/e-nas-datasets/Datasets/BUSI (Breast Ultrasound Image)/benign/benign (145)_mask.png,benign,val,
/kaggle/input/datasets/maak01/e-nas-datasets/Datasets/BUSI (Breast Ultrasound Image)/benign/benign (80).png,/kaggle/input/datasets/maak01/e-nas-datasets/Datasets/BUSI (Breast Ultrasound Image)/benign/benign (80)_mask.png,benign,val,
/kaggle/input/datasets/maak01/e-nas-datasets/Datasets/BUSI (Breast Ultrasound Image)/benign/benign (44).png,/kaggle/input/datasets/maak01/e-nas-datasets/Datasets/BUSI (Breast Ultrasound Image)/benign/benign (44)_mask.png,benign,val,
/kaggle/input/datasets/maak01/e-nas-datasets/Datasets/BUSI (Breast Ultrasound Image)/benign/benign (232).png,/kaggle/input/datasets/maak01/e-nas-datasets/Datasets/BUSI (Breast Ultrasound Image)/benign/benign (232)_mask.png,benign,val,
/kaggle/input/datasets/maak01/e-nas-datasets/Datasets/BUSI (Breast Ultrasound Image)/benign/benign (203).png,/kaggle/input/datasets/maak01/e-nas-datasets/Datasets/BUSI (Breast Ultrasound Image)/benign/benign (203)_mask.png,benign,val,
/kaggle/input/datasets/maak01/e-nas-datasets/Datasets/BUSI (Breast Ultrasound Image)/benign/benign (403).png,/kaggle/input/datasets/maak01/e-nas-datasets/Datasets/BUSI (Breast Ultrasound Image)/benign/benign (403)_mask.png,benign,val,
/kaggle/input/datasets/maak01/e-nas-datasets/Datasets/BUSI (Breast Ultrasound Image)/benign/benign (12).png,/kaggle/input/datasets/maak01/e-nas-datasets/Datasets/BUSI (Breast Ultrasound Image)/benign/benign (12)_mask.png,benign,val,
/kaggle/input/datasets/maak01/e-nas-datasets/Datasets/BUSI (Breast Ultrasound Image)/benign/benign (130).png,/kaggle/input/datasets/maak01/e-nas-datasets/Datasets/BUSI (Breast Ultrasound Image)/benign/benign (130)_mask.png,benign,val,
/kaggle/input/datasets/maak01/e-nas-datasets/Datasets/BUSI (Breast Ultrasound Image)/benign/benign (423).png,/kaggle/input/datasets/maak01/e-nas-datasets/Datasets/BUSI (Breast Ultrasound Image)/benign/benign (423)_mask.png,benign,val,
/kaggle/input/datasets/maak01/e-nas-datasets/Datasets/BUSI (Breast Ultrasound Image)/benign/benign (188).png,/kaggle/input/datasets/maak01/e-nas-datasets/Datasets/BUSI (Breast Ultrasound Image)/benign/benign (188)_mask.png,benign,val,
/kaggle/input/datasets/maak01/e-nas-datasets/Datasets/BUSI (Breast Ultrasound Image)/benign/benign (365).png,/kaggle/input/datasets/maak01/e-nas-datasets/Datasets/BUSI (Breast Ultrasound Image)/benign/benign (365)_mask.png,benign,val,
/kaggle/input/datasets/maak01/e-nas-datasets/Datasets/BUSI (Breast Ultrasound Image)/benign/benign (266).png,/kaggle/input/datasets/maak01/e-nas-datasets/Datasets/BUSI (Breast Ultrasound Image)/benign/benign (266)_mask.png,benign,val,
/kaggle/input/datasets/maak01/e-nas-datasets/Datasets/BUSI (Breast Ultrasound Image)/benign/benign (384).png,/kaggle/input/datasets/maak01/e-nas-datasets/Datasets/BUSI (Breast Ultrasound Image)/benign/benign (384)_mask.png,benign,test,
/kaggle/input/datasets/maak01/e-nas-datasets/Datasets/BUSI (Breast Ultrasound Image)/benign/benign (389).png,/kaggle/input/datasets/maak01/e-nas-datasets/Datasets/BUSI (Breast Ultrasound Image)/benign/benign (389)_mask.png,benign,test,
/kaggle/input/datasets/maak01/e-nas-datasets/Datasets/BUSI (Breast Ultrasound Image)/benign/benign (234).png,/kaggle/input/datasets/maak01/e-nas-datasets/Datasets/BUSI (Breast Ultrasound Image)/benign/benign (234)_mask.png,benign,test,
/kaggle/input/datasets/maak01/e-nas-datasets/Datasets/BUSI (Breast Ultrasound Image)/benign/benign (353).png,/kaggle/input/datasets/maak01/e-nas-datasets/Datasets/BUSI (Breast Ultrasound Image)/benign/benign (353)_mask.png,benign,test,
/kaggle/input/datasets/maak01/e-nas-datasets/Datasets/BUSI (Breast Ultrasound Image)/benign/benign (135).png,/kaggle/input/datasets/maak01/e-nas-datasets/Datasets/BUSI (Breast Ultrasound Image)/benign/benign (135)_mask.png,benign,test,
/kaggle/input/datasets/maak01/e-nas-datasets/Datasets/BUSI (Breast Ultrasound Image)/benign/benign (273).png,/kaggle/input/datasets/maak01/e-nas-datasets/Datasets/BUSI (Breast Ultrasound Image)/benign/benign (273)_mask.png,benign,test,
/kaggle/input/datasets/maak01/e-nas-datasets/Datasets/BUSI (Breast Ultrasound Image)/benign/benign (156).png,/kaggle/input/datasets/maak01/e-nas-datasets/Datasets/BUSI (Breast Ultrasound Image)/benign/benign (156)_mask.png,benign,test,
/kaggle/input/datasets/maak01/e-nas-datasets/Datasets/BUSI (Breast Ultrasound Image)/benign/benign (346).png,/kaggle/input/datasets/maak01/e-nas-datasets/Datasets/BUSI (Breast Ultrasound Image)/benign/benign (346)_mask.png;/kaggle/input/datasets/maak01/e-nas-datasets/Datasets/BUSI (Breast Ultrasound Image)/benign/benign (346)_mask_1.png,benign,test,
/kaggle/input/datasets/maak01/e-nas-datasets/Datasets/BUSI (Breast Ultrasound Image)/benign/benign (310).png,/kaggle/input/datasets/maak01/e-nas-datasets/Datasets/BUSI (Breast Ultrasound Image)/benign/benign (310)_mask.png,benign,test,
/kaggle/input/datasets/maak01/e-nas-datasets/Datasets/BUSI (Breast Ultrasound Image)/benign/benign (435).png,/kaggle/input/datasets/maak01/e-nas-datasets/Datasets/BUSI (Breast Ultrasound Image)/benign/benign (435)_mask.png,benign,test,
/kaggle/input/datasets/maak01/e-nas-datasets/Datasets/BUSI (Breast Ultrasound Image)/benign/benign (119).png,/kaggle/input/datasets/maak01/e-nas-datasets/Datasets/BUSI (Breast Ultrasound Image)/benign/benign (119)_mask.png,benign,test,
/kaggle/input/datasets/maak01/e-nas-datasets/Datasets/BUSI (Breast Ultrasound Image)/benign/benign (220).png,/kaggle/input/datasets/maak01/e-nas-datasets/Datasets/BUSI (Breast Ultrasound Image)/benign/benign (220)_mask.png,benign,test,
/kaggle/input/datasets/maak01/e-nas-datasets/Datasets/BUSI (Breast Ultrasound Image)/benign/benign (378).png,/kaggle/input/datasets/maak01/e-nas-datasets/Datasets/BUSI (Breast Ultrasound Image)/benign/benign (378)_mask.png,benign,test,
/kaggle/input/datasets/maak01/e-nas-datasets/Datasets/BUSI (Breast Ultrasound Image)/benign/benign (258).png,/kaggle/input/datasets/maak01/e-nas-datasets/Datasets/BUSI (Breast Ultrasound Image)/benign/benign (258)_mask.png,benign,test,
/kaggle/input/datasets/maak01/e-nas-datasets/Datasets/BUSI (Breast Ultrasound Image)/benign/benign (264).png,/kaggle/input/datasets/maak01/e-nas-datasets/Datasets/BUSI (Breast Ultrasound Image)/benign/benign (264)_mask.png,benign,test,
/kaggle/input/datasets/maak01/e-nas-datasets/Datasets/BUSI (Breast Ultrasound Image)/benign/benign (143).png,/kaggle/input/datasets/maak01/e-nas-datasets/Datasets/BUSI (Breast Ultrasound Image)/benign/benign (143)_mask.png,benign,test,
/kaggle/input/datasets/maak01/e-nas-datasets/Datasets/BUSI (Breast Ultrasound Image)/benign/benign (274).png,/kaggle/input/datasets/maak01/e-nas-datasets/Datasets/BUSI (Breast Ultrasound Image)/benign/benign (274)_mask.png,benign,test,
/kaggle/input/datasets/maak01/e-nas-datasets/Datasets/BUSI (Breast Ultrasound Image)/benign/benign (82).png,/kaggle/input/datasets/maak01/e-nas-datasets/Datasets/BUSI (Breast Ultrasound Image)/benign/benign (82)_mask.png,benign,test,
/kaggle/input/datasets/maak01/e-nas-datasets/Datasets/BUSI (Breast Ultrasound Image)/benign/benign (90).png,/kaggle/input/datasets/maak01/e-nas-datasets/Datasets/BUSI (Breast Ultrasound Image)/benign/benign (90)_mask.png,benign,test,
/kaggle/input/datasets/maak01/e-nas-datasets/Datasets/BUSI (Breast Ultrasound Image)/benign/benign (254).png,/kaggle/input/datasets/maak01/e-nas-datasets/Datasets/BUSI (Breast Ultrasound Image)/benign/benign (254)_mask.png,benign,test,
/kaggle/input/datasets/maak01/e-nas-datasets/Datasets/BUSI (Breast Ultrasound Image)/benign/benign (57).png,/kaggle/input/datasets/maak01/e-nas-datasets/Datasets/BUSI (Breast Ultrasound Image)/benign/benign (57)_mask.png,benign,test,
/kaggle/input/datasets/maak01/e-nas-datasets/Datasets/BUSI (Breast Ultrasound Image)/benign/benign (199).png,/kaggle/input/datasets/maak01/e-nas-datasets/Datasets/BUSI (Breast Ultrasound Image)/benign/benign (199)_mask.png,benign,test,
/kaggle/input/datasets/maak01/e-nas-datasets/Datasets/BUSI (Breast Ultrasound Image)/benign/benign (170).png,/kaggle/input/datasets/maak01/e-nas-datasets/Datasets/BUSI (Breast Ultrasound Image)/benign/benign (170)_mask.png,benign,test,
/kaggle/input/datasets/maak01/e-nas-datasets/Datasets/BUSI (Breast Ultrasound Image)/benign/benign (68).png,/kaggle/input/datasets/maak01/e-nas-datasets/Datasets/BUSI (Breast Ultrasound Image)/benign/benign (68)_mask.png,benign,test,
/kaggle/input/datasets/maak01/e-nas-datasets/Datasets/BUSI (Breast Ultrasound Image)/benign/benign (256).png,/kaggle/input/datasets/maak01/e-nas-datasets/Datasets/BUSI (Breast Ultrasound Image)/benign/benign (256)_mask.png,benign,test,
/kaggle/input/datasets/maak01/e-nas-datasets/Datasets/BUSI (Breast Ultrasound Image)/benign/benign (85).png,/kaggle/input/datasets/maak01/e-nas-datasets/Datasets/BUSI (Breast Ultrasound Image)/benign/benign (85)_mask.png,benign,test,
/kaggle/input/datasets/maak01/e-nas-datasets/Datasets/BUSI (Breast Ultrasound Image)/benign/benign (420).png,/kaggle/input/datasets/maak01/e-nas-datasets/Datasets/BUSI (Breast Ultrasound Image)/benign/benign (420)_mask.png,benign,test,
/kaggle/input/datasets/maak01/e-nas-datasets/Datasets/BUSI (Breast Ultrasound Image)/benign/benign (172).png,/kaggle/input/datasets/maak01/e-nas-datasets/Datasets/BUSI (Breast Ultrasound Image)/benign/benign (172)_mask.png,benign,test,
/kaggle/input/datasets/maak01/e-nas-datasets/Datasets/BUSI (Breast Ultrasound Image)/benign/benign (55).png,/kaggle/input/datasets/maak01/e-nas-datasets/Datasets/BUSI (Breast Ultrasound Image)/benign/benign (55)_mask.png,benign,test,
/kaggle/input/datasets/maak01/e-nas-datasets/Datasets/BUSI (Breast Ultrasound Image)/benign/benign (101).png,/kaggle/input/datasets/maak01/e-nas-datasets/Datasets/BUSI (Breast Ultrasound Image)/benign/benign (101)_mask.png,benign,test,
/kaggle/input/datasets/maak01/e-nas-datasets/Datasets/BUSI (Breast Ultrasound Image)/benign/benign (227).png,/kaggle/input/datasets/maak01/e-nas-datasets/Datasets/BUSI (Breast Ultrasound Image)/benign/benign (227)_mask.png,benign,test,
/kaggle/input/datasets/maak01/e-nas-datasets/Datasets/BUSI (Breast Ultrasound Image)/benign/benign (370).png,/kaggle/input/datasets/maak01/e-nas-datasets/Datasets/BUSI (Breast Ultrasound Image)/benign/benign (370)_mask.png,benign,test,
/kaggle/input/datasets/maak01/e-nas-datasets/Datasets/BUSI (Breast Ultrasound Image)/benign/benign (305).png,/kaggle/input/datasets/maak01/e-nas-datasets/Datasets/BUSI (Breast Ultrasound Image)/benign/benign (305)_mask.png,benign,test,
/kaggle/input/datasets/maak01/e-nas-datasets/Datasets/BUSI (Breast Ultrasound Image)/benign/benign (20).png,/kaggle/input/datasets/maak01/e-nas-datasets/Datasets/BUSI (Breast Ultrasound Image)/benign/benign (20)_mask.png,benign,test,
/kaggle/input/datasets/maak01/e-nas-datasets/Datasets/BUSI (Breast Ultrasound Image)/benign/benign (292).png,/kaggle/input/datasets/maak01/e-nas-datasets/Datasets/BUSI (Breast Ultrasound Image)/benign/benign (292)_mask.png,benign,test,
/kaggle/input/datasets/maak01/e-nas-datasets/Datasets/BUSI (Breast Ultrasound Image)/benign/benign (88).png,/kaggle/input/datasets/maak01/e-nas-datasets/Datasets/BUSI (Breast Ultrasound Image)/benign/benign (88)_mask.png,benign,test,
/kaggle/input/datasets/maak01/e-nas-datasets/Datasets/BUSI (Breast Ultrasound Image)/benign/benign (422).png,/kaggle/input/datasets/maak01/e-nas-datasets/Datasets/BUSI (Breast Ultrasound Image)/benign/benign (422)_mask.png,benign,test,
/kaggle/input/datasets/maak01/e-nas-datasets/Datasets/BUSI (Breast Ultrasound Image)/benign/benign (399).png,/kaggle/input/datasets/maak01/e-nas-datasets/Datasets/BUSI (Breast Ultrasound Image)/benign/benign (399)_mask.png,benign,test,
/kaggle/input/datasets/maak01/e-nas-datasets/Datasets/BUSI (Breast Ultrasound Image)/benign/benign (429).png,/kaggle/input/datasets/maak01/e-nas-datasets/Datasets/BUSI (Breast Ultrasound Image)/benign/benign (429)_mask.png,benign,test,
/kaggle/input/datasets/maak01/e-nas-datasets/Datasets/BUSI (Breast Ultrasound Image)/benign/benign (190).png,/kaggle/input/datasets/maak01/e-nas-datasets/Datasets/BUSI (Breast Ultrasound Image)/benign/benign (190)_mask.png,benign,test,
/kaggle/input/datasets/maak01/e-nas-datasets/Datasets/BUSI (Breast Ultrasound Image)/benign/benign (358).png,/kaggle/input/datasets/maak01/e-nas-datasets/Datasets/BUSI (Breast Ultrasound Image)/benign/benign (358)_mask.png,benign,test,
/kaggle/input/datasets/maak01/e-nas-datasets/Datasets/BUSI (Breast Ultrasound Image)/benign/benign (110).png,/kaggle/input/datasets/maak01/e-nas-datasets/Datasets/BUSI (Breast Ultrasound Image)/benign/benign (110)_mask.png,benign,test,
/kaggle/input/datasets/maak01/e-nas-datasets/Datasets/BUSI (Breast Ultrasound Image)/benign/benign (377).png,/kaggle/input/datasets/maak01/e-nas-datasets/Datasets/BUSI (Breast Ultrasound Image)/benign/benign (377)_mask.png,benign,test,
/kaggle/input/datasets/maak01/e-nas-datasets/Datasets/BUSI (Breast Ultrasound Image)/benign/benign (331).png,/kaggle/input/datasets/maak01/e-nas-datasets/Datasets/BUSI (Breast Ultrasound Image)/benign/benign (331)_mask.png,benign,test,
/kaggle/input/datasets/maak01/e-nas-datasets/Datasets/BUSI (Breast Ultrasound Image)/benign/benign (206).png,/kaggle/input/datasets/maak01/e-nas-datasets/Datasets/BUSI (Breast Ultrasound Image)/benign/benign (206)_mask.png,benign,test,
/kaggle/input/datasets/maak01/e-nas-datasets/Datasets/BUSI (Breast Ultrasound Image)/benign/benign (2).png,/kaggle/input/datasets/maak01/e-nas-datasets/Datasets/BUSI (Breast Ultrasound Image)/benign/benign (2)_mask.png,benign,test,
/kaggle/input/datasets/maak01/e-nas-datasets/Datasets/BUSI (Breast Ultrasound Image)/benign/benign (141).png,/kaggle/input/datasets/maak01/e-nas-datasets/Datasets/BUSI (Breast Ultrasound Image)/benign/benign (141)_mask.png,benign,test,
/kaggle/input/datasets/maak01/e-nas-datasets/Datasets/BUSI (Breast Ultrasound Image)/benign/benign (112).png,/kaggle/input/datasets/maak01/e-nas-datasets/Datasets/BUSI (Breast Ultrasound Image)/benign/benign (112)_mask.png,benign,test,
/kaggle/input/datasets/maak01/e-nas-datasets/Datasets/BUSI (Breast Ultrasound Image)/benign/benign (113).png,/kaggle/input/datasets/maak01/e-nas-datasets/Datasets/BUSI (Breast Ultrasound Image)/benign/benign (113)_mask.png,benign,test,
/kaggle/input/datasets/maak01/e-nas-datasets/Datasets/BUSI (Breast Ultrasound Image)/benign/benign (294).png,/kaggle/input/datasets/maak01/e-nas-datasets/Datasets/BUSI (Breast Ultrasound Image)/benign/benign (294)_mask.png,benign,test,
/kaggle/input/datasets/maak01/e-nas-datasets/Datasets/BUSI (Breast Ultrasound Image)/benign/benign (371).png,/kaggle/input/datasets/maak01/e-nas-datasets/Datasets/BUSI (Breast Ultrasound Image)/benign/benign (371)_mask.png,benign,test,
/kaggle/input/datasets/maak01/e-nas-datasets/Datasets/BUSI (Breast Ultrasound Image)/benign/benign (139).png,/kaggle/input/datasets/maak01/e-nas-datasets/Datasets/BUSI (Breast Ultrasound Image)/benign/benign (139)_mask.png,benign,test,
/kaggle/input/datasets/maak01/e-nas-datasets/Datasets/BUSI (Breast Ultrasound Image)/benign/benign (350).png,/kaggle/input/datasets/maak01/e-nas-datasets/Datasets/BUSI (Breast Ultrasound Image)/benign/benign (350)_mask.png,benign,test,
/kaggle/input/datasets/maak01/e-nas-datasets/Datasets/BUSI (Breast Ultrasound Image)/benign/benign (96).png,/kaggle/input/datasets/maak01/e-nas-datasets/Datasets/BUSI (Breast Ultrasound Image)/benign/benign (96)_mask.png,benign,test,
/kaggle/input/datasets/maak01/e-nas-datasets/Datasets/BUSI (Breast Ultrasound Image)/benign/benign (410).png,/kaggle/input/datasets/maak01/e-nas-datasets/Datasets/BUSI (Breast Ultrasound Image)/benign/benign (410)_mask.png,benign,test,
/kaggle/input/datasets/maak01/e-nas-datasets/Datasets/BUSI (Breast Ultrasound Image)/benign/benign (146).png,/kaggle/input/datasets/maak01/e-nas-datasets/Datasets/BUSI (Breast Ultrasound Image)/benign/benign (146)_mask.png,benign,test,
/kaggle/input/datasets/maak01/e-nas-datasets/Datasets/BUSI (Breast Ultrasound Image)/benign/benign (45).png,/kaggle/input/datasets/maak01/e-nas-datasets/Datasets/BUSI (Breast Ultrasound Image)/benign/benign (45)_mask.png,benign,test,
/kaggle/input/datasets/maak01/e-nas-datasets/Datasets/BUSI (Breast Ultrasound Image)/benign/benign (163).png,/kaggle/input/datasets/maak01/e-nas-datasets/Datasets/BUSI (Breast Ultrasound Image)/benign/benign (163)_mask.png;/kaggle/input/datasets/maak01/e-nas-datasets/Datasets/BUSI (Breast Ultrasound Image)/benign/benign (163)_mask_1.png,benign,test,
/kaggle/input/datasets/maak01/e-nas-datasets/Datasets/BUSI (Breast Ultrasound Image)/benign/benign (201).png,/kaggle/input/datasets/maak01/e-nas-datasets/Datasets/BUSI (Breast Ultrasound Image)/benign/benign (201)_mask.png,benign,test,
/kaggle/input/datasets/maak01/e-nas-datasets/Datasets/BUSI (Breast Ultrasound Image)/benign/benign (211).png,/kaggle/input/datasets/maak01/e-nas-datasets/Datasets/BUSI (Breast Ultrasound Image)/benign/benign (211)_mask.png,benign,test,
/kaggle/input/datasets/maak01/e-nas-datasets/Datasets/BUSI (Breast Ultrasound Image)/benign/benign (225).png,/kaggle/input/datasets/maak01/e-nas-datasets/Datasets/BUSI (Breast Ultrasound Image)/benign/benign (225)_mask.png,benign,test,
/kaggle/input/datasets/maak01/e-nas-datasets/Datasets/BUSI (Breast Ultrasound Image)/benign/benign (47).png,/kaggle/input/datasets/maak01/e-nas-datasets/Datasets/BUSI (Breast Ultrasound Image)/benign/benign (47)_mask.png,benign,test,
/kaggle/input/datasets/maak01/e-nas-datasets/Datasets/BUSI (Breast Ultrasound Image)/benign/benign (11).png,/kaggle/input/datasets/maak01/e-nas-datasets/Datasets/BUSI (Breast Ultrasound Image)/benign/benign (11)_mask.png,benign,test,
/kaggle/input/datasets/maak01/e-nas-datasets/Datasets/BUSI (Breast Ultrasound Image)/benign/benign (150).png,/kaggle/input/datasets/maak01/e-nas-datasets/Datasets/BUSI (Breast Ultrasound Image)/benign/benign (150)_mask.png,benign,test,
/kaggle/input/datasets/maak01/e-nas-datasets/Datasets/BUSI (Breast Ultrasound Image)/benign/benign (394).png,/kaggle/input/datasets/maak01/e-nas-datasets/Datasets/BUSI (Breast Ultrasound Image)/benign/benign (394)_mask.png,benign,test,
/kaggle/input/datasets/maak01/e-nas-datasets/Datasets/BUSI (Breast Ultrasound Image)/malignant/malignant (31).png,/kaggle/input/datasets/maak01/e-nas-datasets/Datasets/BUSI (Breast Ultrasound Image)/malignant/malignant (31)_mask.png,malignant,train,
/kaggle/input/datasets/maak01/e-nas-datasets/Datasets/BUSI (Breast Ultrasound Image)/malignant/malignant (148).png,/kaggle/input/datasets/maak01/e-nas-datasets/Datasets/BUSI (Breast Ultrasound Image)/malignant/malignant (148)_mask.png,malignant,train,
/kaggle/input/datasets/maak01/e-nas-datasets/Datasets/BUSI (Breast Ultrasound Image)/malignant/malignant (200).png,/kaggle/input/datasets/maak01/e-nas-datasets/Datasets/BUSI (Breast Ultrasound Image)/malignant/malignant (200)_mask.png,malignant,train,
/kaggle/input/datasets/maak01/e-nas-datasets/Datasets/BUSI (Breast Ultrasound Image)/malignant/malignant (167).png,/kaggle/input/datasets/maak01/e-nas-datasets/Datasets/BUSI (Breast Ultrasound Image)/malignant/malignant (167)_mask.png,malignant,train,
/kaggle/input/datasets/maak01/e-nas-datasets/Datasets/BUSI (Breast Ultrasound Image)/malignant/malignant (88).png,/kaggle/input/datasets/maak01/e-nas-datasets/Datasets/BUSI (Breast Ultrasound Image)/malignant/malignant (88)_mask.png,malignant,train,
/kaggle/input/datasets/maak01/e-nas-datasets/Datasets/BUSI (Breast Ultrasound Image)/malignant/malignant (11).png,/kaggle/input/datasets/maak01/e-nas-datasets/Datasets/BUSI (Breast Ultrasound Image)/malignant/malignant (11)_mask.png,malignant,train,
/kaggle/input/datasets/maak01/e-nas-datasets/Datasets/BUSI (Breast Ultrasound Image)/malignant/malignant (20).png,/kaggle/input/datasets/maak01/e-nas-datasets/Datasets/BUSI (Breast Ultrasound Image)/malignant/malignant (20)_mask.png,malignant,train,
/kaggle/input/datasets/maak01/e-nas-datasets/Datasets/BUSI (Breast Ultrasound Image)/malignant/malignant (140).png,/kaggle/input/datasets/maak01/e-nas-datasets/Datasets/BUSI (Breast Ultrasound Image)/malignant/malignant (140)_mask.png,malignant,train,
/kaggle/input/datasets/maak01/e-nas-datasets/Datasets/BUSI (Breast Ultrasound Image)/malignant/malignant (12).png,/kaggle/input/datasets/maak01/e-nas-datasets/Datasets/BUSI (Breast Ultrasound Image)/malignant/malignant (12)_mask.png,malignant,train,
/kaggle/input/datasets/maak01/e-nas-datasets/Datasets/BUSI (Breast Ultrasound Image)/malignant/malignant (29).png,/kaggle/input/datasets/maak01/e-nas-datasets/Datasets/BUSI (Breast Ultrasound Image)/malignant/malignant (29)_mask.png,malignant,train,
/kaggle/input/datasets/maak01/e-nas-datasets/Datasets/BUSI (Breast Ultrasound Image)/malignant/malignant (10).png,/kaggle/input/datasets/maak01/e-nas-datasets/Datasets/BUSI (Breast Ultrasound Image)/malignant/malignant (10)_mask.png,malignant,train,
/kaggle/input/datasets/maak01/e-nas-datasets/Datasets/BUSI (Breast Ultrasound Image)/malignant/malignant (116).png,/kaggle/input/datasets/maak01/e-nas-datasets/Datasets/BUSI (Breast Ultrasound Image)/malignant/malignant (116)_mask.png,malignant,train,
/kaggle/input/datasets/maak01/e-nas-datasets/Datasets/BUSI (Breast Ultrasound Image)/malignant/malignant (110).png,/kaggle/input/datasets/maak01/e-nas-datasets/Datasets/BUSI (Breast Ultrasound Image)/malignant/malignant (110)_mask.png,malignant,train,
/kaggle/input/datasets/maak01/e-nas-datasets/Datasets/BUSI (Breast Ultrasound Image)/malignant/malignant (165).png,/kaggle/input/datasets/maak01/e-nas-datasets/Datasets/BUSI (Breast Ultrasound Image)/malignant/malignant (165)_mask.png,malignant,train,
/kaggle/input/datasets/maak01/e-nas-datasets/Datasets/BUSI (Breast Ultrasound Image)/malignant/malignant (102).png,/kaggle/input/datasets/maak01/e-nas-datasets/Datasets/BUSI (Breast Ultrasound Image)/malignant/malignant (102)_mask.png,malignant,train,
/kaggle/input/datasets/maak01/e-nas-datasets/Datasets/BUSI (Breast Ultrasound Image)/malignant/malignant (42).png,/kaggle/input/datasets/maak01/e-nas-datasets/Datasets/BUSI (Breast Ultrasound Image)/malignant/malignant (42)_mask.png,malignant,train,
/kaggle/input/datasets/maak01/e-nas-datasets/Datasets/BUSI (Breast Ultrasound Image)/malignant/malignant (155).png,/kaggle/input/datasets/maak01/e-nas-datasets/Datasets/BUSI (Breast Ultrasound Image)/malignant/malignant (155)_mask.png,malignant,train,
/kaggle/input/datasets/maak01/e-nas-datasets/Datasets/BUSI (Breast Ultrasound Image)/malignant/malignant (100).png,/kaggle/input/datasets/maak01/e-nas-datasets/Datasets/BUSI (Breast Ultrasound Image)/malignant/malignant (100)_mask.png,malignant,train,
/kaggle/input/datasets/maak01/e-nas-datasets/Datasets/BUSI (Breast Ultrasound Image)/malignant/malignant (178).png,/kaggle/input/datasets/maak01/e-nas-datasets/Datasets/BUSI (Breast Ultrasound Image)/malignant/malignant (178)_mask.png,malignant,train,
/kaggle/input/datasets/maak01/e-nas-datasets/Datasets/BUSI (Breast Ultrasound Image)/malignant/malignant (34).png,/kaggle/input/datasets/maak01/e-nas-datasets/Datasets/BUSI (Breast Ultrasound Image)/malignant/malignant (34)_mask.png,malignant,train,
/kaggle/input/datasets/maak01/e-nas-datasets/Datasets/BUSI (Breast Ultrasound Image)/malignant/malignant (13).png,/kaggle/input/datasets/maak01/e-nas-datasets/Datasets/BUSI (Breast Ultrasound Image)/malignant/malignant (13)_mask.png,malignant,train,
/kaggle/input/datasets/maak01/e-nas-datasets/Datasets/BUSI (Breast Ultrasound Image)/malignant/malignant (25).png,/kaggle/input/datasets/maak01/e-nas-datasets/Datasets/BUSI (Breast Ultrasound Image)/malignant/malignant (25)_mask.png,malignant,train,
/kaggle/input/datasets/maak01/e-nas-datasets/Datasets/BUSI (Breast Ultrasound Image)/malignant/malignant (75).png,/kaggle/input/datasets/maak01/e-nas-datasets/Datasets/BUSI (Breast Ultrasound Image)/malignant/malignant (75)_mask.png,malignant,train,
/kaggle/input/datasets/maak01/e-nas-datasets/Datasets/BUSI (Breast Ultrasound Image)/malignant/malignant (206).png,/kaggle/input/datasets/maak01/e-nas-datasets/Datasets/BUSI (Breast Ultrasound Image)/malignant/malignant (206)_mask.png,malignant,train,
/kaggle/input/datasets/maak01/e-nas-datasets/Datasets/BUSI (Breast Ultrasound Image)/malignant/malignant (74).png,/kaggle/input/datasets/maak01/e-nas-datasets/Datasets/BUSI (Breast Ultrasound Image)/malignant/malignant (74)_mask.png,malignant,train,
/kaggle/input/datasets/maak01/e-nas-datasets/Datasets/BUSI (Breast Ultrasound Image)/malignant/malignant (208).png,/kaggle/input/datasets/maak01/e-nas-datasets/Datasets/BUSI (Breast Ultrasound Image)/malignant/malignant (208)_mask.png,malignant,train,
/kaggle/input/datasets/maak01/e-nas-datasets/Datasets/BUSI (Breast Ultrasound Image)/malignant/malignant (53).png,/kaggle/input/datasets/maak01/e-nas-datasets/Datasets/BUSI (Breast Ultrasound Image)/malignant/malignant (53)_mask.png;/kaggle/input/datasets/maak01/e-nas-datasets/Datasets/BUSI (Breast Ultrasound Image)/malignant/malignant (53)_mask_1.png,malignant,train,
/kaggle/input/datasets/maak01/e-nas-datasets/Datasets/BUSI (Breast Ultrasound Image)/malignant/malignant (138).png,/kaggle/input/datasets/maak01/e-nas-datasets/Datasets/BUSI (Breast Ultrasound Image)/malignant/malignant (138)_mask.png,malignant,train,
/kaggle/input/datasets/maak01/e-nas-datasets/Datasets/BUSI (Breast Ultrasound Image)/malignant/malignant (46).png,/kaggle/input/datasets/maak01/e-nas-datasets/Datasets/BUSI (Breast Ultrasound Image)/malignant/malignant (46)_mask.png,malignant,train,
/kaggle/input/datasets/maak01/e-nas-datasets/Datasets/BUSI (Breast Ultrasound Image)/malignant/malignant (154).png,/kaggle/input/datasets/maak01/e-nas-datasets/Datasets/BUSI (Breast Ultrasound Image)/malignant/malignant (154)_mask.png,malignant,train,
/kaggle/input/datasets/maak01/e-nas-datasets/Datasets/BUSI (Breast Ultrasound Image)/malignant/malignant (157).png,/kaggle/input/datasets/maak01/e-nas-datasets/Datasets/BUSI (Breast Ultrasound Image)/malignant/malignant (157)_mask.png,malignant,train,
/kaggle/input/datasets/maak01/e-nas-datasets/Datasets/BUSI (Breast Ultrasound Image)/malignant/malignant (173).png,/kaggle/input/datasets/maak01/e-nas-datasets/Datasets/BUSI (Breast Ultrasound Image)/malignant/malignant (173)_mask.png,malignant,train,
/kaggle/input/datasets/maak01/e-nas-datasets/Datasets/BUSI (Breast Ultrasound Image)/malignant/malignant (182).png,/kaggle/input/datasets/maak01/e-nas-datasets/Datasets/BUSI (Breast Ultrasound Image)/malignant/malignant (182)_mask.png,malignant,train,
/kaggle/input/datasets/maak01/e-nas-datasets/Datasets/BUSI (Breast Ultrasound Image)/malignant/malignant (203).png,/kaggle/input/datasets/maak01/e-nas-datasets/Datasets/BUSI (Breast Ultrasound Image)/malignant/malignant (203)_mask.png,malignant,train,
/kaggle/input/datasets/maak01/e-nas-datasets/Datasets/BUSI (Breast Ultrasound Image)/malignant/malignant (22).png,/kaggle/input/datasets/maak01/e-nas-datasets/Datasets/BUSI (Breast Ultrasound Image)/malignant/malignant (22)_mask.png,malignant,train,
/kaggle/input/datasets/maak01/e-nas-datasets/Datasets/BUSI (Breast Ultrasound Image)/malignant/malignant (128).png,/kaggle/input/datasets/maak01/e-nas-datasets/Datasets/BUSI (Breast Ultrasound Image)/malignant/malignant (128)_mask.png,malignant,train,
/kaggle/input/datasets/maak01/e-nas-datasets/Datasets/BUSI (Breast Ultrasound Image)/malignant/malignant (38).png,/kaggle/input/datasets/maak01/e-nas-datasets/Datasets/BUSI (Breast Ultrasound Image)/malignant/malignant (38)_mask.png,malignant,train,
/kaggle/input/datasets/maak01/e-nas-datasets/Datasets/BUSI (Breast Ultrasound Image)/malignant/malignant (117).png,/kaggle/input/datasets/maak01/e-nas-datasets/Datasets/BUSI (Breast Ultrasound Image)/malignant/malignant (117)_mask.png,malignant,train,
/kaggle/input/datasets/maak01/e-nas-datasets/Datasets/BUSI (Breast Ultrasound Image)/malignant/malignant (48).png,/kaggle/input/datasets/maak01/e-nas-datasets/Datasets/BUSI (Breast Ultrasound Image)/malignant/malignant (48)_mask.png,malignant,train,
/kaggle/input/datasets/maak01/e-nas-datasets/Datasets/BUSI (Breast Ultrasound Image)/malignant/malignant (161).png,/kaggle/input/datasets/maak01/e-nas-datasets/Datasets/BUSI (Breast Ultrasound Image)/malignant/malignant (161)_mask.png,malignant,train,
/kaggle/input/datasets/maak01/e-nas-datasets/Datasets/BUSI (Breast Ultrasound Image)/malignant/malignant (73).png,/kaggle/input/datasets/maak01/e-nas-datasets/Datasets/BUSI (Breast Ultrasound Image)/malignant/malignant (73)_mask.png,malignant,train,
/kaggle/input/datasets/maak01/e-nas-datasets/Datasets/BUSI (Breast Ultrasound Image)/malignant/malignant (106).png,/kaggle/input/datasets/maak01/e-nas-datasets/Datasets/BUSI (Breast Ultrasound Image)/malignant/malignant (106)_mask.png,malignant,train,
/kaggle/input/datasets/maak01/e-nas-datasets/Datasets/BUSI (Breast Ultrasound Image)/malignant/malignant (141).png,/kaggle/input/datasets/maak01/e-nas-datasets/Datasets/BUSI (Breast Ultrasound Image)/malignant/malignant (141)_mask.png,malignant,train,
/kaggle/input/datasets/maak01/e-nas-datasets/Datasets/BUSI (Breast Ultrasound Image)/malignant/malignant (50).png,/kaggle/input/datasets/maak01/e-nas-datasets/Datasets/BUSI (Breast Ultrasound Image)/malignant/malignant (50)_mask.png,malignant,train,
/kaggle/input/datasets/maak01/e-nas-datasets/Datasets/BUSI (Breast Ultrasound Image)/malignant/malignant (112).png,/kaggle/input/datasets/maak01/e-nas-datasets/Datasets/BUSI (Breast Ultrasound Image)/malignant/malignant (112)_mask.png,malignant,train,
/kaggle/input/datasets/maak01/e-nas-datasets/Datasets/BUSI (Breast Ultrasound Image)/malignant/malignant (130).png,/kaggle/input/datasets/maak01/e-nas-datasets/Datasets/BUSI (Breast Ultrasound Image)/malignant/malignant (130)_mask.png,malignant,train,
/kaggle/input/datasets/maak01/e-nas-datasets/Datasets/BUSI (Breast Ultrasound Image)/malignant/malignant (189).png,/kaggle/input/datasets/maak01/e-nas-datasets/Datasets/BUSI (Breast Ultrasound Image)/malignant/malignant (189)_mask.png,malignant,train,
/kaggle/input/datasets/maak01/e-nas-datasets/Datasets/BUSI (Breast Ultrasound Image)/malignant/malignant (89).png,/kaggle/input/datasets/maak01/e-nas-datasets/Datasets/BUSI (Breast Ultrasound Image)/malignant/malignant (89)_mask.png,malignant,train,
/kaggle/input/datasets/maak01/e-nas-datasets/Datasets/BUSI (Breast Ultrasound Image)/malignant/malignant (129).png,/kaggle/input/datasets/maak01/e-nas-datasets/Datasets/BUSI (Breast Ultrasound Image)/malignant/malignant (129)_mask.png,malignant,train,
/kaggle/input/datasets/maak01/e-nas-datasets/Datasets/BUSI (Breast Ultrasound Image)/malignant/malignant (56).png,/kaggle/input/datasets/maak01/e-nas-datasets/Datasets/BUSI (Breast Ultrasound Image)/malignant/malignant (56)_mask.png,malignant,train,
/kaggle/input/datasets/maak01/e-nas-datasets/Datasets/BUSI (Breast Ultrasound Image)/malignant/malignant (4).png,/kaggle/input/datasets/maak01/e-nas-datasets/Datasets/BUSI (Breast Ultrasound Image)/malignant/malignant (4)_mask.png,malignant,train,
/kaggle/input/datasets/maak01/e-nas-datasets/Datasets/BUSI (Breast Ultrasound Image)/malignant/malignant (111).png,/kaggle/input/datasets/maak01/e-nas-datasets/Datasets/BUSI (Breast Ultrasound Image)/malignant/malignant (111)_mask.png,malignant,train,
/kaggle/input/datasets/maak01/e-nas-datasets/Datasets/BUSI (Breast Ultrasound Image)/malignant/malignant (95).png,/kaggle/input/datasets/maak01/e-nas-datasets/Datasets/BUSI (Breast Ultrasound Image)/malignant/malignant (95)_mask.png,malignant,train,
/kaggle/input/datasets/maak01/e-nas-datasets/Datasets/BUSI (Breast Ultrasound Image)/malignant/malignant (30).png,/kaggle/input/datasets/maak01/e-nas-datasets/Datasets/BUSI (Breast Ultrasound Image)/malignant/malignant (30)_mask.png,malignant,train,
/kaggle/input/datasets/maak01/e-nas-datasets/Datasets/BUSI (Breast Ultrasound Image)/malignant/malignant (62).png,/kaggle/input/datasets/maak01/e-nas-datasets/Datasets/BUSI (Breast Ultrasound Image)/malignant/malignant (62)_mask.png,malignant,train,
/kaggle/input/datasets/maak01/e-nas-datasets/Datasets/BUSI (Breast Ultrasound Image)/malignant/malignant (49).png,/kaggle/input/datasets/maak01/e-nas-datasets/Datasets/BUSI (Breast Ultrasound Image)/malignant/malignant (49)_mask.png,malignant,train,
/kaggle/input/datasets/maak01/e-nas-datasets/Datasets/BUSI (Breast Ultrasound Image)/malignant/malignant (190).png,/kaggle/input/datasets/maak01/e-nas-datasets/Datasets/BUSI (Breast Ultrasound Image)/malignant/malignant (190)_mask.png,malignant,train,
/kaggle/input/datasets/maak01/e-nas-datasets/Datasets/BUSI (Breast Ultrasound Image)/malignant/malignant (202).png,/kaggle/input/datasets/maak01/e-nas-datasets/Datasets/BUSI (Breast Ultrasound Image)/malignant/malignant (202)_mask.png,malignant,train,
/kaggle/input/datasets/maak01/e-nas-datasets/Datasets/BUSI (Breast Ultrasound Image)/malignant/malignant (91).png,/kaggle/input/datasets/maak01/e-nas-datasets/Datasets/BUSI (Breast Ultrasound Image)/malignant/malignant (91)_mask.png,malignant,train,
/kaggle/input/datasets/maak01/e-nas-datasets/Datasets/BUSI (Breast Ultrasound Image)/malignant/malignant (78).png,/kaggle/input/datasets/maak01/e-nas-datasets/Datasets/BUSI (Breast Ultrasound Image)/malignant/malignant (78)_mask.png,malignant,train,
/kaggle/input/datasets/maak01/e-nas-datasets/Datasets/BUSI (Breast Ultrasound Image)/malignant/malignant (139).png,/kaggle/input/datasets/maak01/e-nas-datasets/Datasets/BUSI (Breast Ultrasound Image)/malignant/malignant (139)_mask.png,malignant,train,
/kaggle/input/datasets/maak01/e-nas-datasets/Datasets/BUSI (Breast Ultrasound Image)/malignant/malignant (186).png,/kaggle/input/datasets/maak01/e-nas-datasets/Datasets/BUSI (Breast Ultrasound Image)/malignant/malignant (186)_mask.png,malignant,train,
/kaggle/input/datasets/maak01/e-nas-datasets/Datasets/BUSI (Breast Ultrasound Image)/malignant/malignant (196).png,/kaggle/input/datasets/maak01/e-nas-datasets/Datasets/BUSI (Breast Ultrasound Image)/malignant/malignant (196)_mask.png,malignant,train,
/kaggle/input/datasets/maak01/e-nas-datasets/Datasets/BUSI (Breast Ultrasound Image)/malignant/malignant (32).png,/kaggle/input/datasets/maak01/e-nas-datasets/Datasets/BUSI (Breast Ultrasound Image)/malignant/malignant (32)_mask.png,malignant,train,
/kaggle/input/datasets/maak01/e-nas-datasets/Datasets/BUSI (Breast Ultrasound Image)/malignant/malignant (197).png,/kaggle/input/datasets/maak01/e-nas-datasets/Datasets/BUSI (Breast Ultrasound Image)/malignant/malignant (197)_mask.png,malignant,train,
/kaggle/input/datasets/maak01/e-nas-datasets/Datasets/BUSI (Breast Ultrasound Image)/malignant/malignant (76).png,/kaggle/input/datasets/maak01/e-nas-datasets/Datasets/BUSI (Breast Ultrasound Image)/malignant/malignant (76)_mask.png,malignant,train,
/kaggle/input/datasets/maak01/e-nas-datasets/Datasets/BUSI (Breast Ultrasound Image)/malignant/malignant (60).png,/kaggle/input/datasets/maak01/e-nas-datasets/Datasets/BUSI (Breast Ultrasound Image)/malignant/malignant (60)_mask.png,malignant,train,
/kaggle/input/datasets/maak01/e-nas-datasets/Datasets/BUSI (Breast Ultrasound Image)/malignant/malignant (205).png,/kaggle/input/datasets/maak01/e-nas-datasets/Datasets/BUSI (Breast Ultrasound Image)/malignant/malignant (205)_mask.png,malignant,train,
/kaggle/input/datasets/maak01/e-nas-datasets/Datasets/BUSI (Breast Ultrasound Image)/malignant/malignant (97).png,/kaggle/input/datasets/maak01/e-nas-datasets/Datasets/BUSI (Breast Ultrasound Image)/malignant/malignant (97)_mask.png,malignant,train,
/kaggle/input/datasets/maak01/e-nas-datasets/Datasets/BUSI (Breast Ultrasound Image)/malignant/malignant (77).png,/kaggle/input/datasets/maak01/e-nas-datasets/Datasets/BUSI (Breast Ultrasound Image)/malignant/malignant (77)_mask.png,malignant,train,
/kaggle/input/datasets/maak01/e-nas-datasets/Datasets/BUSI (Breast Ultrasound Image)/malignant/malignant (45).png,/kaggle/input/datasets/maak01/e-nas-datasets/Datasets/BUSI (Breast Ultrasound Image)/malignant/malignant (45)_mask.png,malignant,train,
/kaggle/input/datasets/maak01/e-nas-datasets/Datasets/BUSI (Breast Ultrasound Image)/malignant/malignant (209).png,/kaggle/input/datasets/maak01/e-nas-datasets/Datasets/BUSI (Breast Ultrasound Image)/malignant/malignant (209)_mask.png,malignant,train,
/kaggle/input/datasets/maak01/e-nas-datasets/Datasets/BUSI (Breast Ultrasound Image)/malignant/malignant (26).png,/kaggle/input/datasets/maak01/e-nas-datasets/Datasets/BUSI (Breast Ultrasound Image)/malignant/malignant (26)_mask.png,malignant,train,
/kaggle/input/datasets/maak01/e-nas-datasets/Datasets/BUSI (Breast Ultrasound Image)/malignant/malignant (103).png,/kaggle/input/datasets/maak01/e-nas-datasets/Datasets/BUSI (Breast Ultrasound Image)/malignant/malignant (103)_mask.png,malignant,train,
/kaggle/input/datasets/maak01/e-nas-datasets/Datasets/BUSI (Breast Ultrasound Image)/malignant/malignant (101).png,/kaggle/input/datasets/maak01/e-nas-datasets/Datasets/BUSI (Breast Ultrasound Image)/malignant/malignant (101)_mask.png,malignant,train,
/kaggle/input/datasets/maak01/e-nas-datasets/Datasets/BUSI (Breast Ultrasound Image)/malignant/malignant (115).png,/kaggle/input/datasets/maak01/e-nas-datasets/Datasets/BUSI (Breast Ultrasound Image)/malignant/malignant (115)_mask.png,malignant,train,
/kaggle/input/datasets/maak01/e-nas-datasets/Datasets/BUSI (Breast Ultrasound Image)/malignant/malignant (121).png,/kaggle/input/datasets/maak01/e-nas-datasets/Datasets/BUSI (Breast Ultrasound Image)/malignant/malignant (121)_mask.png,malignant,train,
/kaggle/input/datasets/maak01/e-nas-datasets/Datasets/BUSI (Breast Ultrasound Image)/malignant/malignant (124).png,/kaggle/input/datasets/maak01/e-nas-datasets/Datasets/BUSI (Breast Ultrasound Image)/malignant/malignant (124)_mask.png,malignant,train,
/kaggle/input/datasets/maak01/e-nas-datasets/Datasets/BUSI (Breast Ultrasound Image)/malignant/malignant (85).png,/kaggle/input/datasets/maak01/e-nas-datasets/Datasets/BUSI (Breast Ultrasound Image)/malignant/malignant (85)_mask.png,malignant,train,
/kaggle/input/datasets/maak01/e-nas-datasets/Datasets/BUSI (Breast Ultrasound Image)/malignant/malignant (126).png,/kaggle/input/datasets/maak01/e-nas-datasets/Datasets/BUSI (Breast Ultrasound Image)/malignant/malignant (126)_mask.png,malignant,train,
/kaggle/input/datasets/maak01/e-nas-datasets/Datasets/BUSI (Breast Ultrasound Image)/malignant/malignant (35).png,/kaggle/input/datasets/maak01/e-nas-datasets/Datasets/BUSI (Breast Ultrasound Image)/malignant/malignant (35)_mask.png,malignant,train,
/kaggle/input/datasets/maak01/e-nas-datasets/Datasets/BUSI (Breast Ultrasound Image)/malignant/malignant (137).png,/kaggle/input/datasets/maak01/e-nas-datasets/Datasets/BUSI (Breast Ultrasound Image)/malignant/malignant (137)_mask.png,malignant,train,
/kaggle/input/datasets/maak01/e-nas-datasets/Datasets/BUSI (Breast Ultrasound Image)/malignant/malignant (24).png,/kaggle/input/datasets/maak01/e-nas-datasets/Datasets/BUSI (Breast Ultrasound Image)/malignant/malignant (24)_mask.png,malignant,train,
/kaggle/input/datasets/maak01/e-nas-datasets/Datasets/BUSI (Breast Ultrasound Image)/malignant/malignant (172).png,/kaggle/input/datasets/maak01/e-nas-datasets/Datasets/BUSI (Breast Ultrasound Image)/malignant/malignant (172)_mask.png,malignant,train,
/kaggle/input/datasets/maak01/e-nas-datasets/Datasets/BUSI (Breast Ultrasound Image)/malignant/malignant (9).png,/kaggle/input/datasets/maak01/e-nas-datasets/Datasets/BUSI (Breast Ultrasound Image)/malignant/malignant (9)_mask.png,malignant,train,
/kaggle/input/datasets/maak01/e-nas-datasets/Datasets/BUSI (Breast Ultrasound Image)/malignant/malignant (192).png,/kaggle/input/datasets/maak01/e-nas-datasets/Datasets/BUSI (Breast Ultrasound Image)/malignant/malignant (192)_mask.png,malignant,train,
/kaggle/input/datasets/maak01/e-nas-datasets/Datasets/BUSI (Breast Ultrasound Image)/malignant/malignant (96).png,/kaggle/input/datasets/maak01/e-nas-datasets/Datasets/BUSI (Breast Ultrasound Image)/malignant/malignant (96)_mask.png,malignant,train,
/kaggle/input/datasets/maak01/e-nas-datasets/Datasets/BUSI (Breast Ultrasound Image)/malignant/malignant (28).png,/kaggle/input/datasets/maak01/e-nas-datasets/Datasets/BUSI (Breast Ultrasound Image)/malignant/malignant (28)_mask.png,malignant,train,
/kaggle/input/datasets/maak01/e-nas-datasets/Datasets/BUSI (Breast Ultrasound Image)/malignant/malignant (118).png,/kaggle/input/datasets/maak01/e-nas-datasets/Datasets/BUSI (Breast Ultrasound Image)/malignant/malignant (118)_mask.png,malignant,train,
/kaggle/input/datasets/maak01/e-nas-datasets/Datasets/BUSI (Breast Ultrasound Image)/malignant/malignant (84).png,/kaggle/input/datasets/maak01/e-nas-datasets/Datasets/BUSI (Breast Ultrasound Image)/malignant/malignant (84)_mask.png,malignant,train,
/kaggle/input/datasets/maak01/e-nas-datasets/Datasets/BUSI (Breast Ultrasound Image)/malignant/malignant (36).png,/kaggle/input/datasets/maak01/e-nas-datasets/Datasets/BUSI (Breast Ultrasound Image)/malignant/malignant (36)_mask.png,malignant,train,
/kaggle/input/datasets/maak01/e-nas-datasets/Datasets/BUSI (Breast Ultrasound Image)/malignant/malignant (44).png,/kaggle/input/datasets/maak01/e-nas-datasets/Datasets/BUSI (Breast Ultrasound Image)/malignant/malignant (44)_mask.png,malignant,train,
/kaggle/input/datasets/maak01/e-nas-datasets/Datasets/BUSI (Breast Ultrasound Image)/malignant/malignant (201).png,/kaggle/input/datasets/maak01/e-nas-datasets/Datasets/BUSI (Breast Ultrasound Image)/malignant/malignant (201)_mask.png,malignant,train,
/kaggle/input/datasets/maak01/e-nas-datasets/Datasets/BUSI (Breast Ultrasound Image)/malignant/malignant (184).png,/kaggle/input/datasets/maak01/e-nas-datasets/Datasets/BUSI (Breast Ultrasound Image)/malignant/malignant (184)_mask.png,malignant,train,
/kaggle/input/datasets/maak01/e-nas-datasets/Datasets/BUSI (Breast Ultrasound Image)/malignant/malignant (69).png,/kaggle/input/datasets/maak01/e-nas-datasets/Datasets/BUSI (Breast Ultrasound Image)/malignant/malignant (69)_mask.png,malignant,train,
/kaggle/input/datasets/maak01/e-nas-datasets/Datasets/BUSI (Breast Ultrasound Image)/malignant/malignant (152).png,/kaggle/input/datasets/maak01/e-nas-datasets/Datasets/BUSI (Breast Ultrasound Image)/malignant/malignant (152)_mask.png,malignant,train,
/kaggle/input/datasets/maak01/e-nas-datasets/Datasets/BUSI (Breast Ultrasound Image)/malignant/malignant (210).png,/kaggle/input/datasets/maak01/e-nas-datasets/Datasets/BUSI (Breast Ultrasound Image)/malignant/malignant (210)_mask.png,malignant,train,
/kaggle/input/datasets/maak01/e-nas-datasets/Datasets/BUSI (Breast Ultrasound Image)/malignant/malignant (174).png,/kaggle/input/datasets/maak01/e-nas-datasets/Datasets/BUSI (Breast Ultrasound Image)/malignant/malignant (174)_mask.png,malignant,train,
/kaggle/input/datasets/maak01/e-nas-datasets/Datasets/BUSI (Breast Ultrasound Image)/malignant/malignant (169).png,/kaggle/input/datasets/maak01/e-nas-datasets/Datasets/BUSI (Breast Ultrasound Image)/malignant/malignant (169)_mask.png,malignant,train,
/kaggle/input/datasets/maak01/e-nas-datasets/Datasets/BUSI (Breast Ultrasound Image)/malignant/malignant (166).png,/kaggle/input/datasets/maak01/e-nas-datasets/Datasets/BUSI (Breast Ultrasound Image)/malignant/malignant (166)_mask.png,malignant,train,
/kaggle/input/datasets/maak01/e-nas-datasets/Datasets/BUSI (Breast Ultrasound Image)/malignant/malignant (19).png,/kaggle/input/datasets/maak01/e-nas-datasets/Datasets/BUSI (Breast Ultrasound Image)/malignant/malignant (19)_mask.png,malignant,train,
/kaggle/input/datasets/maak01/e-nas-datasets/Datasets/BUSI (Breast Ultrasound Image)/malignant/malignant (149).png,/kaggle/input/datasets/maak01/e-nas-datasets/Datasets/BUSI (Breast Ultrasound Image)/malignant/malignant (149)_mask.png,malignant,train,
/kaggle/input/datasets/maak01/e-nas-datasets/Datasets/BUSI (Breast Ultrasound Image)/malignant/malignant (90).png,/kaggle/input/datasets/maak01/e-nas-datasets/Datasets/BUSI (Breast Ultrasound Image)/malignant/malignant (90)_mask.png,malignant,train,
/kaggle/input/datasets/maak01/e-nas-datasets/Datasets/BUSI (Breast Ultrasound Image)/malignant/malignant (131).png,/kaggle/input/datasets/maak01/e-nas-datasets/Datasets/BUSI (Breast Ultrasound Image)/malignant/malignant (131)_mask.png,malignant,train,
/kaggle/input/datasets/maak01/e-nas-datasets/Datasets/BUSI (Breast Ultrasound Image)/malignant/malignant (198).png,/kaggle/input/datasets/maak01/e-nas-datasets/Datasets/BUSI (Breast Ultrasound Image)/malignant/malignant (198)_mask.png,malignant,train,
/kaggle/input/datasets/maak01/e-nas-datasets/Datasets/BUSI (Breast Ultrasound Image)/malignant/malignant (87).png,/kaggle/input/datasets/maak01/e-nas-datasets/Datasets/BUSI (Breast Ultrasound Image)/malignant/malignant (87)_mask.png,malignant,train,
/kaggle/input/datasets/maak01/e-nas-datasets/Datasets/BUSI (Breast Ultrasound Image)/malignant/malignant (195).png,/kaggle/input/datasets/maak01/e-nas-datasets/Datasets/BUSI (Breast Ultrasound Image)/malignant/malignant (195)_mask.png,malignant,train,
/kaggle/input/datasets/maak01/e-nas-datasets/Datasets/BUSI (Breast Ultrasound Image)/malignant/malignant (7).png,/kaggle/input/datasets/maak01/e-nas-datasets/Datasets/BUSI (Breast Ultrasound Image)/malignant/malignant (7)_mask.png,malignant,train,
/kaggle/input/datasets/maak01/e-nas-datasets/Datasets/BUSI (Breast Ultrasound Image)/malignant/malignant (21).png,/kaggle/input/datasets/maak01/e-nas-datasets/Datasets/BUSI (Breast Ultrasound Image)/malignant/malignant (21)_mask.png,malignant,train,
/kaggle/input/datasets/maak01/e-nas-datasets/Datasets/BUSI (Breast Ultrasound Image)/malignant/malignant (133).png,/kaggle/input/datasets/maak01/e-nas-datasets/Datasets/BUSI (Breast Ultrasound Image)/malignant/malignant (133)_mask.png,malignant,train,
/kaggle/input/datasets/maak01/e-nas-datasets/Datasets/BUSI (Breast Ultrasound Image)/malignant/malignant (164).png,/kaggle/input/datasets/maak01/e-nas-datasets/Datasets/BUSI (Breast Ultrasound Image)/malignant/malignant (164)_mask.png,malignant,train,
/kaggle/input/datasets/maak01/e-nas-datasets/Datasets/BUSI (Breast Ultrasound Image)/malignant/malignant (65).png,/kaggle/input/datasets/maak01/e-nas-datasets/Datasets/BUSI (Breast Ultrasound Image)/malignant/malignant (65)_mask.png,malignant,train,
/kaggle/input/datasets/maak01/e-nas-datasets/Datasets/BUSI (Breast Ultrasound Image)/malignant/malignant (119).png,/kaggle/input/datasets/maak01/e-nas-datasets/Datasets/BUSI (Breast Ultrasound Image)/malignant/malignant (119)_mask.png,malignant,train,
/kaggle/input/datasets/maak01/e-nas-datasets/Datasets/BUSI (Breast Ultrasound Image)/malignant/malignant (185).png,/kaggle/input/datasets/maak01/e-nas-datasets/Datasets/BUSI (Breast Ultrasound Image)/malignant/malignant (185)_mask.png,malignant,train,
/kaggle/input/datasets/maak01/e-nas-datasets/Datasets/BUSI (Breast Ultrasound Image)/malignant/malignant (177).png,/kaggle/input/datasets/maak01/e-nas-datasets/Datasets/BUSI (Breast Ultrasound Image)/malignant/malignant (177)_mask.png,malignant,train,
/kaggle/input/datasets/maak01/e-nas-datasets/Datasets/BUSI (Breast Ultrasound Image)/malignant/malignant (37).png,/kaggle/input/datasets/maak01/e-nas-datasets/Datasets/BUSI (Breast Ultrasound Image)/malignant/malignant (37)_mask.png,malignant,train,
/kaggle/input/datasets/maak01/e-nas-datasets/Datasets/BUSI (Breast Ultrasound Image)/malignant/malignant (23).png,/kaggle/input/datasets/maak01/e-nas-datasets/Datasets/BUSI (Breast Ultrasound Image)/malignant/malignant (23)_mask.png,malignant,train,
/kaggle/input/datasets/maak01/e-nas-datasets/Datasets/BUSI (Breast Ultrasound Image)/malignant/malignant (94).png,/kaggle/input/datasets/maak01/e-nas-datasets/Datasets/BUSI (Breast Ultrasound Image)/malignant/malignant (94)_mask.png,malignant,train,
/kaggle/input/datasets/maak01/e-nas-datasets/Datasets/BUSI (Breast Ultrasound Image)/malignant/malignant (120).png,/kaggle/input/datasets/maak01/e-nas-datasets/Datasets/BUSI (Breast Ultrasound Image)/malignant/malignant (120)_mask.png,malignant,train,
/kaggle/input/datasets/maak01/e-nas-datasets/Datasets/BUSI (Breast Ultrasound Image)/malignant/malignant (113).png,/kaggle/input/datasets/maak01/e-nas-datasets/Datasets/BUSI (Breast Ultrasound Image)/malignant/malignant (113)_mask.png,malignant,train,
/kaggle/input/datasets/maak01/e-nas-datasets/Datasets/BUSI (Breast Ultrasound Image)/malignant/malignant (162).png,/kaggle/input/datasets/maak01/e-nas-datasets/Datasets/BUSI (Breast Ultrasound Image)/malignant/malignant (162)_mask.png,malignant,train,
/kaggle/input/datasets/maak01/e-nas-datasets/Datasets/BUSI (Breast Ultrasound Image)/malignant/malignant (132).png,/kaggle/input/datasets/maak01/e-nas-datasets/Datasets/BUSI (Breast Ultrasound Image)/malignant/malignant (132)_mask.png,malignant,train,
/kaggle/input/datasets/maak01/e-nas-datasets/Datasets/BUSI (Breast Ultrasound Image)/malignant/malignant (55).png,/kaggle/input/datasets/maak01/e-nas-datasets/Datasets/BUSI (Breast Ultrasound Image)/malignant/malignant (55)_mask.png,malignant,train,
/kaggle/input/datasets/maak01/e-nas-datasets/Datasets/BUSI (Breast Ultrasound Image)/malignant/malignant (68).png,/kaggle/input/datasets/maak01/e-nas-datasets/Datasets/BUSI (Breast Ultrasound Image)/malignant/malignant (68)_mask.png,malignant,train,
/kaggle/input/datasets/maak01/e-nas-datasets/Datasets/BUSI (Breast Ultrasound Image)/malignant/malignant (83).png,/kaggle/input/datasets/maak01/e-nas-datasets/Datasets/BUSI (Breast Ultrasound Image)/malignant/malignant (83)_mask.png,malignant,train,
/kaggle/input/datasets/maak01/e-nas-datasets/Datasets/BUSI (Breast Ultrasound Image)/malignant/malignant (146).png,/kaggle/input/datasets/maak01/e-nas-datasets/Datasets/BUSI (Breast Ultrasound Image)/malignant/malignant (146)_mask.png,malignant,train,
/kaggle/input/datasets/maak01/e-nas-datasets/Datasets/BUSI (Breast Ultrasound Image)/malignant/malignant (79).png,/kaggle/input/datasets/maak01/e-nas-datasets/Datasets/BUSI (Breast Ultrasound Image)/malignant/malignant (79)_mask.png,malignant,train,
/kaggle/input/datasets/maak01/e-nas-datasets/Datasets/BUSI (Breast Ultrasound Image)/malignant/malignant (170).png,/kaggle/input/datasets/maak01/e-nas-datasets/Datasets/BUSI (Breast Ultrasound Image)/malignant/malignant (170)_mask.png,malignant,train,
/kaggle/input/datasets/maak01/e-nas-datasets/Datasets/BUSI (Breast Ultrasound Image)/malignant/malignant (168).png,/kaggle/input/datasets/maak01/e-nas-datasets/Datasets/BUSI (Breast Ultrasound Image)/malignant/malignant (168)_mask.png,malignant,train,
/kaggle/input/datasets/maak01/e-nas-datasets/Datasets/BUSI (Breast Ultrasound Image)/malignant/malignant (127).png,/kaggle/input/datasets/maak01/e-nas-datasets/Datasets/BUSI (Breast Ultrasound Image)/malignant/malignant (127)_mask.png,malignant,train,
/kaggle/input/datasets/maak01/e-nas-datasets/Datasets/BUSI (Breast Ultrasound Image)/malignant/malignant (41).png,/kaggle/input/datasets/maak01/e-nas-datasets/Datasets/BUSI (Breast Ultrasound Image)/malignant/malignant (41)_mask.png,malignant,train,
/kaggle/input/datasets/maak01/e-nas-datasets/Datasets/BUSI (Breast Ultrasound Image)/malignant/malignant (51).png,/kaggle/input/datasets/maak01/e-nas-datasets/Datasets/BUSI (Breast Ultrasound Image)/malignant/malignant (51)_mask.png,malignant,train,
/kaggle/input/datasets/maak01/e-nas-datasets/Datasets/BUSI (Breast Ultrasound Image)/malignant/malignant (57).png,/kaggle/input/datasets/maak01/e-nas-datasets/Datasets/BUSI (Breast Ultrasound Image)/malignant/malignant (57)_mask.png,malignant,train,
/kaggle/input/datasets/maak01/e-nas-datasets/Datasets/BUSI (Breast Ultrasound Image)/malignant/malignant (199).png,/kaggle/input/datasets/maak01/e-nas-datasets/Datasets/BUSI (Breast Ultrasound Image)/malignant/malignant (199)_mask.png,malignant,train,
/kaggle/input/datasets/maak01/e-nas-datasets/Datasets/BUSI (Breast Ultrasound Image)/malignant/malignant (98).png,/kaggle/input/datasets/maak01/e-nas-datasets/Datasets/BUSI (Breast Ultrasound Image)/malignant/malignant (98)_mask.png,malignant,train,
/kaggle/input/datasets/maak01/e-nas-datasets/Datasets/BUSI (Breast Ultrasound Image)/malignant/malignant (144).png,/kaggle/input/datasets/maak01/e-nas-datasets/Datasets/BUSI (Breast Ultrasound Image)/malignant/malignant (144)_mask.png,malignant,train,
/kaggle/input/datasets/maak01/e-nas-datasets/Datasets/BUSI (Breast Ultrasound Image)/malignant/malignant (3).png,/kaggle/input/datasets/maak01/e-nas-datasets/Datasets/BUSI (Breast Ultrasound Image)/malignant/malignant (3)_mask.png,malignant,train,
/kaggle/input/datasets/maak01/e-nas-datasets/Datasets/BUSI (Breast Ultrasound Image)/malignant/malignant (1).png,/kaggle/input/datasets/maak01/e-nas-datasets/Datasets/BUSI (Breast Ultrasound Image)/malignant/malignant (1)_mask.png,malignant,train,
/kaggle/input/datasets/maak01/e-nas-datasets/Datasets/BUSI (Breast Ultrasound Image)/malignant/malignant (40).png,/kaggle/input/datasets/maak01/e-nas-datasets/Datasets/BUSI (Breast Ultrasound Image)/malignant/malignant (40)_mask.png,malignant,train,
/kaggle/input/datasets/maak01/e-nas-datasets/Datasets/BUSI (Breast Ultrasound Image)/malignant/malignant (109).png,/kaggle/input/datasets/maak01/e-nas-datasets/Datasets/BUSI (Breast Ultrasound Image)/malignant/malignant (109)_mask.png,malignant,train,
/kaggle/input/datasets/maak01/e-nas-datasets/Datasets/BUSI (Breast Ultrasound Image)/malignant/malignant (158).png,/kaggle/input/datasets/maak01/e-nas-datasets/Datasets/BUSI (Breast Ultrasound Image)/malignant/malignant (158)_mask.png,malignant,train,
/kaggle/input/datasets/maak01/e-nas-datasets/Datasets/BUSI (Breast Ultrasound Image)/malignant/malignant (142).png,/kaggle/input/datasets/maak01/e-nas-datasets/Datasets/BUSI (Breast Ultrasound Image)/malignant/malignant (142)_mask.png,malignant,train,
/kaggle/input/datasets/maak01/e-nas-datasets/Datasets/BUSI (Breast Ultrasound Image)/malignant/malignant (188).png,/kaggle/input/datasets/maak01/e-nas-datasets/Datasets/BUSI (Breast Ultrasound Image)/malignant/malignant (188)_mask.png,malignant,train,
/kaggle/input/datasets/maak01/e-nas-datasets/Datasets/BUSI (Breast Ultrasound Image)/malignant/malignant (5).png,/kaggle/input/datasets/maak01/e-nas-datasets/Datasets/BUSI (Breast Ultrasound Image)/malignant/malignant (5)_mask.png,malignant,train,
/kaggle/input/datasets/maak01/e-nas-datasets/Datasets/BUSI (Breast Ultrasound Image)/malignant/malignant (54).png,/kaggle/input/datasets/maak01/e-nas-datasets/Datasets/BUSI (Breast Ultrasound Image)/malignant/malignant (54)_mask.png,malignant,train,
/kaggle/input/datasets/maak01/e-nas-datasets/Datasets/BUSI (Breast Ultrasound Image)/malignant/malignant (47).png,/kaggle/input/datasets/maak01/e-nas-datasets/Datasets/BUSI (Breast Ultrasound Image)/malignant/malignant (47)_mask.png,malignant,train,
/kaggle/input/datasets/maak01/e-nas-datasets/Datasets/BUSI (Breast Ultrasound Image)/malignant/malignant (171).png,/kaggle/input/datasets/maak01/e-nas-datasets/Datasets/BUSI (Breast Ultrasound Image)/malignant/malignant (171)_mask.png,malignant,train,
/kaggle/input/datasets/maak01/e-nas-datasets/Datasets/BUSI (Breast Ultrasound Image)/malignant/malignant (179).png,/kaggle/input/datasets/maak01/e-nas-datasets/Datasets/BUSI (Breast Ultrasound Image)/malignant/malignant (179)_mask.png,malignant,val,
/kaggle/input/datasets/maak01/e-nas-datasets/Datasets/BUSI (Breast Ultrasound Image)/malignant/malignant (2).png,/kaggle/input/datasets/maak01/e-nas-datasets/Datasets/BUSI (Breast Ultrasound Image)/malignant/malignant (2)_mask.png,malignant,val,
/kaggle/input/datasets/maak01/e-nas-datasets/Datasets/BUSI (Breast Ultrasound Image)/malignant/malignant (72).png,/kaggle/input/datasets/maak01/e-nas-datasets/Datasets/BUSI (Breast Ultrasound Image)/malignant/malignant (72)_mask.png,malignant,val,
/kaggle/input/datasets/maak01/e-nas-datasets/Datasets/BUSI (Breast Ultrasound Image)/malignant/malignant (70).png,/kaggle/input/datasets/maak01/e-nas-datasets/Datasets/BUSI (Breast Ultrasound Image)/malignant/malignant (70)_mask.png,malignant,val,
/kaggle/input/datasets/maak01/e-nas-datasets/Datasets/BUSI (Breast Ultrasound Image)/malignant/malignant (16).png,/kaggle/input/datasets/maak01/e-nas-datasets/Datasets/BUSI (Breast Ultrasound Image)/malignant/malignant (16)_mask.png,malignant,val,
/kaggle/input/datasets/maak01/e-nas-datasets/Datasets/BUSI (Breast Ultrasound Image)/malignant/malignant (43).png,/kaggle/input/datasets/maak01/e-nas-datasets/Datasets/BUSI (Breast Ultrasound Image)/malignant/malignant (43)_mask.png,malignant,val,
/kaggle/input/datasets/maak01/e-nas-datasets/Datasets/BUSI (Breast Ultrasound Image)/malignant/malignant (8).png,/kaggle/input/datasets/maak01/e-nas-datasets/Datasets/BUSI (Breast Ultrasound Image)/malignant/malignant (8)_mask.png,malignant,val,
/kaggle/input/datasets/maak01/e-nas-datasets/Datasets/BUSI (Breast Ultrasound Image)/malignant/malignant (159).png,/kaggle/input/datasets/maak01/e-nas-datasets/Datasets/BUSI (Breast Ultrasound Image)/malignant/malignant (159)_mask.png,malignant,val,
/kaggle/input/datasets/maak01/e-nas-datasets/Datasets/BUSI (Breast Ultrasound Image)/malignant/malignant (125).png,/kaggle/input/datasets/maak01/e-nas-datasets/Datasets/BUSI (Breast Ultrasound Image)/malignant/malignant (125)_mask.png,malignant,val,
/kaggle/input/datasets/maak01/e-nas-datasets/Datasets/BUSI (Breast Ultrasound Image)/malignant/malignant (105).png,/kaggle/input/datasets/maak01/e-nas-datasets/Datasets/BUSI (Breast Ultrasound Image)/malignant/malignant (105)_mask.png,malignant,val,
/kaggle/input/datasets/maak01/e-nas-datasets/Datasets/BUSI (Breast Ultrasound Image)/malignant/malignant (59).png,/kaggle/input/datasets/maak01/e-nas-datasets/Datasets/BUSI (Breast Ultrasound Image)/malignant/malignant (59)_mask.png,malignant,val,
/kaggle/input/datasets/maak01/e-nas-datasets/Datasets/BUSI (Breast Ultrasound Image)/malignant/malignant (33).png,/kaggle/input/datasets/maak01/e-nas-datasets/Datasets/BUSI (Breast Ultrasound Image)/malignant/malignant (33)_mask.png,malignant,val,
/kaggle/input/datasets/maak01/e-nas-datasets/Datasets/BUSI (Breast Ultrasound Image)/malignant/malignant (6).png,/kaggle/input/datasets/maak01/e-nas-datasets/Datasets/BUSI (Breast Ultrasound Image)/malignant/malignant (6)_mask.png,malignant,val,
/kaggle/input/datasets/maak01/e-nas-datasets/Datasets/BUSI (Breast Ultrasound Image)/malignant/malignant (27).png,/kaggle/input/datasets/maak01/e-nas-datasets/Datasets/BUSI (Breast Ultrasound Image)/malignant/malignant (27)_mask.png,malignant,val,
/kaggle/input/datasets/maak01/e-nas-datasets/Datasets/BUSI (Breast Ultrasound Image)/malignant/malignant (66).png,/kaggle/input/datasets/maak01/e-nas-datasets/Datasets/BUSI (Breast Ultrasound Image)/malignant/malignant (66)_mask.png,malignant,val,
/kaggle/input/datasets/maak01/e-nas-datasets/Datasets/BUSI (Breast Ultrasound Image)/malignant/malignant (58).png,/kaggle/input/datasets/maak01/e-nas-datasets/Datasets/BUSI (Breast Ultrasound Image)/malignant/malignant (58)_mask.png,malignant,val,
/kaggle/input/datasets/maak01/e-nas-datasets/Datasets/BUSI (Breast Ultrasound Image)/malignant/malignant (114).png,/kaggle/input/datasets/maak01/e-nas-datasets/Datasets/BUSI (Breast Ultrasound Image)/malignant/malignant (114)_mask.png,malignant,val,
/kaggle/input/datasets/maak01/e-nas-datasets/Datasets/BUSI (Breast Ultrasound Image)/malignant/malignant (163).png,/kaggle/input/datasets/maak01/e-nas-datasets/Datasets/BUSI (Breast Ultrasound Image)/malignant/malignant (163)_mask.png,malignant,val,
/kaggle/input/datasets/maak01/e-nas-datasets/Datasets/BUSI (Breast Ultrasound Image)/malignant/malignant (175).png,/kaggle/input/datasets/maak01/e-nas-datasets/Datasets/BUSI (Breast Ultrasound Image)/malignant/malignant (175)_mask.png,malignant,val,
/kaggle/input/datasets/maak01/e-nas-datasets/Datasets/BUSI (Breast Ultrasound Image)/malignant/malignant (191).png,/kaggle/input/datasets/maak01/e-nas-datasets/Datasets/BUSI (Breast Ultrasound Image)/malignant/malignant (191)_mask.png,malignant,val,
/kaggle/input/datasets/maak01/e-nas-datasets/Datasets/BUSI (Breast Ultrasound Image)/malignant/malignant (143).png,/kaggle/input/datasets/maak01/e-nas-datasets/Datasets/BUSI (Breast Ultrasound Image)/malignant/malignant (143)_mask.png,malignant,val,
/kaggle/input/datasets/maak01/e-nas-datasets/Datasets/BUSI (Breast Ultrasound Image)/malignant/malignant (61).png,/kaggle/input/datasets/maak01/e-nas-datasets/Datasets/BUSI (Breast Ultrasound Image)/malignant/malignant (61)_mask.png,malignant,val,
/kaggle/input/datasets/maak01/e-nas-datasets/Datasets/BUSI (Breast Ultrasound Image)/malignant/malignant (80).png,/kaggle/input/datasets/maak01/e-nas-datasets/Datasets/BUSI (Breast Ultrasound Image)/malignant/malignant (80)_mask.png,malignant,val,
/kaggle/input/datasets/maak01/e-nas-datasets/Datasets/BUSI (Breast Ultrasound Image)/malignant/malignant (150).png,/kaggle/input/datasets/maak01/e-nas-datasets/Datasets/BUSI (Breast Ultrasound Image)/malignant/malignant (150)_mask.png,malignant,val,
/kaggle/input/datasets/maak01/e-nas-datasets/Datasets/BUSI (Breast Ultrasound Image)/malignant/malignant (151).png,/kaggle/input/datasets/maak01/e-nas-datasets/Datasets/BUSI (Breast Ultrasound Image)/malignant/malignant (151)_mask.png,malignant,val,
/kaggle/input/datasets/maak01/e-nas-datasets/Datasets/BUSI (Breast Ultrasound Image)/malignant/malignant (99).png,/kaggle/input/datasets/maak01/e-nas-datasets/Datasets/BUSI (Breast Ultrasound Image)/malignant/malignant (99)_mask.png,malignant,val,
/kaggle/input/datasets/maak01/e-nas-datasets/Datasets/BUSI (Breast Ultrasound Image)/malignant/malignant (18).png,/kaggle/input/datasets/maak01/e-nas-datasets/Datasets/BUSI (Breast Ultrasound Image)/malignant/malignant (18)_mask.png,malignant,val,
/kaggle/input/datasets/maak01/e-nas-datasets/Datasets/BUSI (Breast Ultrasound Image)/malignant/malignant (204).png,/kaggle/input/datasets/maak01/e-nas-datasets/Datasets/BUSI (Breast Ultrasound Image)/malignant/malignant (204)_mask.png,malignant,val,
/kaggle/input/datasets/maak01/e-nas-datasets/Datasets/BUSI (Breast Ultrasound Image)/malignant/malignant (145).png,/kaggle/input/datasets/maak01/e-nas-datasets/Datasets/BUSI (Breast Ultrasound Image)/malignant/malignant (145)_mask.png,malignant,val,
/kaggle/input/datasets/maak01/e-nas-datasets/Datasets/BUSI (Breast Ultrasound Image)/malignant/malignant (15).png,/kaggle/input/datasets/maak01/e-nas-datasets/Datasets/BUSI (Breast Ultrasound Image)/malignant/malignant (15)_mask.png,malignant,val,
/kaggle/input/datasets/maak01/e-nas-datasets/Datasets/BUSI (Breast Ultrasound Image)/malignant/malignant (207).png,/kaggle/input/datasets/maak01/e-nas-datasets/Datasets/BUSI (Breast Ultrasound Image)/malignant/malignant (207)_mask.png,malignant,val,
/kaggle/input/datasets/maak01/e-nas-datasets/Datasets/BUSI (Breast Ultrasound Image)/malignant/malignant (107).png,/kaggle/input/datasets/maak01/e-nas-datasets/Datasets/BUSI (Breast Ultrasound Image)/malignant/malignant (107)_mask.png,malignant,val,
/kaggle/input/datasets/maak01/e-nas-datasets/Datasets/BUSI (Breast Ultrasound Image)/malignant/malignant (187).png,/kaggle/input/datasets/maak01/e-nas-datasets/Datasets/BUSI (Breast Ultrasound Image)/malignant/malignant (187)_mask.png,malignant,test,
/kaggle/input/datasets/maak01/e-nas-datasets/Datasets/BUSI (Breast Ultrasound Image)/malignant/malignant (123).png,/kaggle/input/datasets/maak01/e-nas-datasets/Datasets/BUSI (Breast Ultrasound Image)/malignant/malignant (123)_mask.png,malignant,test,
/kaggle/input/datasets/maak01/e-nas-datasets/Datasets/BUSI (Breast Ultrasound Image)/malignant/malignant (71).png,/kaggle/input/datasets/maak01/e-nas-datasets/Datasets/BUSI (Breast Ultrasound Image)/malignant/malignant (71)_mask.png,malignant,test,
/kaggle/input/datasets/maak01/e-nas-datasets/Datasets/BUSI (Breast Ultrasound Image)/malignant/malignant (135).png,/kaggle/input/datasets/maak01/e-nas-datasets/Datasets/BUSI (Breast Ultrasound Image)/malignant/malignant (135)_mask.png,malignant,test,
/kaggle/input/datasets/maak01/e-nas-datasets/Datasets/BUSI (Breast Ultrasound Image)/malignant/malignant (160).png,/kaggle/input/datasets/maak01/e-nas-datasets/Datasets/BUSI (Breast Ultrasound Image)/malignant/malignant (160)_mask.png,malignant,test,
/kaggle/input/datasets/maak01/e-nas-datasets/Datasets/BUSI (Breast Ultrasound Image)/malignant/malignant (92).png,/kaggle/input/datasets/maak01/e-nas-datasets/Datasets/BUSI (Breast Ultrasound Image)/malignant/malignant (92)_mask.png,malignant,test,
/kaggle/input/datasets/maak01/e-nas-datasets/Datasets/BUSI (Breast Ultrasound Image)/malignant/malignant (64).png,/kaggle/input/datasets/maak01/e-nas-datasets/Datasets/BUSI (Breast Ultrasound Image)/malignant/malignant (64)_mask.png,malignant,test,
/kaggle/input/datasets/maak01/e-nas-datasets/Datasets/BUSI (Breast Ultrasound Image)/malignant/malignant (81).png,/kaggle/input/datasets/maak01/e-nas-datasets/Datasets/BUSI (Breast Ultrasound Image)/malignant/malignant (81)_mask.png,malignant,test,
/kaggle/input/datasets/maak01/e-nas-datasets/Datasets/BUSI (Breast Ultrasound Image)/malignant/malignant (176).png,/kaggle/input/datasets/maak01/e-nas-datasets/Datasets/BUSI (Breast Ultrasound Image)/malignant/malignant (176)_mask.png,malignant,test,
/kaggle/input/datasets/maak01/e-nas-datasets/Datasets/BUSI (Breast Ultrasound Image)/malignant/malignant (86).png,/kaggle/input/datasets/maak01/e-nas-datasets/Datasets/BUSI (Breast Ultrasound Image)/malignant/malignant (86)_mask.png,malignant,test,
/kaggle/input/datasets/maak01/e-nas-datasets/Datasets/BUSI (Breast Ultrasound Image)/malignant/malignant (104).png,/kaggle/input/datasets/maak01/e-nas-datasets/Datasets/BUSI (Breast Ultrasound Image)/malignant/malignant (104)_mask.png,malignant,test,
/kaggle/input/datasets/maak01/e-nas-datasets/Datasets/BUSI (Breast Ultrasound Image)/malignant/malignant (194).png,/kaggle/input/datasets/maak01/e-nas-datasets/Datasets/BUSI (Breast Ultrasound Image)/malignant/malignant (194)_mask.png,malignant,test,
/kaggle/input/datasets/maak01/e-nas-datasets/Datasets/BUSI (Breast Ultrasound Image)/malignant/malignant (14).png,/kaggle/input/datasets/maak01/e-nas-datasets/Datasets/BUSI (Breast Ultrasound Image)/malignant/malignant (14)_mask.png,malignant,test,
/kaggle/input/datasets/maak01/e-nas-datasets/Datasets/BUSI (Breast Ultrasound Image)/malignant/malignant (136).png,/kaggle/input/datasets/maak01/e-nas-datasets/Datasets/BUSI (Breast Ultrasound Image)/malignant/malignant (136)_mask.png,malignant,test,
/kaggle/input/datasets/maak01/e-nas-datasets/Datasets/BUSI (Breast Ultrasound Image)/malignant/malignant (153).png,/kaggle/input/datasets/maak01/e-nas-datasets/Datasets/BUSI (Breast Ultrasound Image)/malignant/malignant (153)_mask.png,malignant,test,
/kaggle/input/datasets/maak01/e-nas-datasets/Datasets/BUSI (Breast Ultrasound Image)/malignant/malignant (134).png,/kaggle/input/datasets/maak01/e-nas-datasets/Datasets/BUSI (Breast Ultrasound Image)/malignant/malignant (134)_mask.png,malignant,test,
/kaggle/input/datasets/maak01/e-nas-datasets/Datasets/BUSI (Breast Ultrasound Image)/malignant/malignant (82).png,/kaggle/input/datasets/maak01/e-nas-datasets/Datasets/BUSI (Breast Ultrasound Image)/malignant/malignant (82)_mask.png,malignant,test,
/kaggle/input/datasets/maak01/e-nas-datasets/Datasets/BUSI (Breast Ultrasound Image)/malignant/malignant (52).png,/kaggle/input/datasets/maak01/e-nas-datasets/Datasets/BUSI (Breast Ultrasound Image)/malignant/malignant (52)_mask.png,malignant,test,
/kaggle/input/datasets/maak01/e-nas-datasets/Datasets/BUSI (Breast Ultrasound Image)/malignant/malignant (193).png,/kaggle/input/datasets/maak01/e-nas-datasets/Datasets/BUSI (Breast Ultrasound Image)/malignant/malignant (193)_mask.png,malignant,test,
/kaggle/input/datasets/maak01/e-nas-datasets/Datasets/BUSI (Breast Ultrasound Image)/malignant/malignant (39).png,/kaggle/input/datasets/maak01/e-nas-datasets/Datasets/BUSI (Breast Ultrasound Image)/malignant/malignant (39)_mask.png,malignant,test,
/kaggle/input/datasets/maak01/e-nas-datasets/Datasets/BUSI (Breast Ultrasound Image)/malignant/malignant (180).png,/kaggle/input/datasets/maak01/e-nas-datasets/Datasets/BUSI (Breast Ultrasound Image)/malignant/malignant (180)_mask.png,malignant,test,
/kaggle/input/datasets/maak01/e-nas-datasets/Datasets/BUSI (Breast Ultrasound Image)/malignant/malignant (122).png,/kaggle/input/datasets/maak01/e-nas-datasets/Datasets/BUSI (Breast Ultrasound Image)/malignant/malignant (122)_mask.png,malignant,test,
/kaggle/input/datasets/maak01/e-nas-datasets/Datasets/BUSI (Breast Ultrasound Image)/malignant/malignant (63).png,/kaggle/input/datasets/maak01/e-nas-datasets/Datasets/BUSI (Breast Ultrasound Image)/malignant/malignant (63)_mask.png,malignant,test,
/kaggle/input/datasets/maak01/e-nas-datasets/Datasets/BUSI (Breast Ultrasound Image)/malignant/malignant (156).png,/kaggle/input/datasets/maak01/e-nas-datasets/Datasets/BUSI (Breast Ultrasound Image)/malignant/malignant (156)_mask.png,malignant,test,
/kaggle/input/datasets/maak01/e-nas-datasets/Datasets/BUSI (Breast Ultrasound Image)/malignant/malignant (67).png,/kaggle/input/datasets/maak01/e-nas-datasets/Datasets/BUSI (Breast Ultrasound Image)/malignant/malignant (67)_mask.png,malignant,test,
/kaggle/input/datasets/maak01/e-nas-datasets/Datasets/BUSI (Breast Ultrasound Image)/malignant/malignant (147).png,/kaggle/input/datasets/maak01/e-nas-datasets/Datasets/BUSI (Breast Ultrasound Image)/malignant/malignant (147)_mask.png,malignant,test,
/kaggle/input/datasets/maak01/e-nas-datasets/Datasets/BUSI (Breast Ultrasound Image)/malignant/malignant (181).png,/kaggle/input/datasets/maak01/e-nas-datasets/Datasets/BUSI (Breast Ultrasound Image)/malignant/malignant (181)_mask.png,malignant,test,
/kaggle/input/datasets/maak01/e-nas-datasets/Datasets/BUSI (Breast Ultrasound Image)/malignant/malignant (108).png,/kaggle/input/datasets/maak01/e-nas-datasets/Datasets/BUSI (Breast Ultrasound Image)/malignant/malignant (108)_mask.png,malignant,test,
/kaggle/input/datasets/maak01/e-nas-datasets/Datasets/BUSI (Breast Ultrasound Image)/malignant/malignant (93).png,/kaggle/input/datasets/maak01/e-nas-datasets/Datasets/BUSI (Breast Ultrasound Image)/malignant/malignant (93)_mask.png,malignant,test,
/kaggle/input/datasets/maak01/e-nas-datasets/Datasets/BUSI (Breast Ultrasound Image)/malignant/malignant (183).png,/kaggle/input/datasets/maak01/e-nas-datasets/Datasets/BUSI (Breast Ultrasound Image)/malignant/malignant (183)_mask.png,malignant,test,
/kaggle/input/datasets/maak01/e-nas-datasets/Datasets/BUSI (Breast Ultrasound Image)/malignant/malignant (17).png,/kaggle/input/datasets/maak01/e-nas-datasets/Datasets/BUSI (Breast Ultrasound Image)/malignant/malignant (17)_mask.png,malignant,test,
